0--------0.free.i2p,free2ryftlqkf5uag5kqgehsfjkul25qgyfkpibgsud5vrparyva
0ctoch.i2p,vp6y3u2tihdcl5ohfsqkxhkja6hdukmi76ltig4okmupwcg5oeha
0thers.i2p,abpunvwucuzrpd4bfywqceofabepxbvrwgrbjsqqfw6w3ar6amda
0xpaste.itcomputes.i2p,easkzgszvqtqwh35xfvdaknthwefpbbn3m2fgqokrwt3ou2eabkq
10channel.i2p,tenchan7kwiotdztpc22mjshowdhk6i6vqo7bz3boi2zimpemnvq
123001.i2p,gsxkm56mafvn4ct4fntkxajynauyjkud73f4u4l7e4n3vy5uuqva
123100.i2p,gsxkm56mafvn4ct4fntkxajynauyjkud73f4u4l7e4n3vy5uuqva
333.i2p,ctvfe2fimcsdfxmzmd42brnbf7ceenwrbroyjx3wzah5eudjyyza
3d.i2p,kb3patv7acdkzcd7ey2t7bdya6h4pnuksvbepa43rmcatt76v6da
3x14.i2p,yggdrau5zobvp6kzh5vt34kspq245v7ekk5yo24xjiqte7oerera
4get.maid.i2p,maidzon4qyfc6eojt5rs64kph2liqnpxb6zdlmt55mxksa7drbyq
9ch.i2p,ninechjiwpw5cs4t25sa4pvtacgwhrsptgmopidfulbt5nnxxryq
a.i2p,qvlshfpcq7ks4zsc7i2fomnl5qdxgxpy2yn7nvtdalf43ka4uasq
aaaxmr.i2p,r6gwdkboyexsx67ossbcztw6mbzii7rbrqgpr57exev5axj4zwjq
aback.i2p,i5rbwbfp7hnclvzz2qzoigbjzdjsrex3yfdv5ko2sgivej4zhuha
abum.i2p,qsfh23ocpxqem64z5utcxpyvmn5l7a3pnnsw5zv2q4o2ukfea2dq
abyssus.i2p,34gv43eevk6cjzzkhjqokaby62axv32fji2yrknpyxh74tork76a
accela.i2p,qa2jqzejamgvz3hnbea3q26iubizb4hjarzsdmrsp7tn7vhjhfrq
acetone.i2p,tzwfy3dnqtm4wuofmcp3gcb5qjcytri635ei7kw7yrl6n3ul5n2a
acid.i2p,jyak47oaop2eoluurpd2svd2vqs7z2ojbujbn47ifnkklkaosyva
addrlol.i2p,7nqgfwvfzjvylkg4xkwwasj3d7bdvgtatpcrchs7i2t4yxx7jmfa
adnrew.i2p,cgghoqvifu77guz2m4queszaunalsphojkwrwszgxntnh7tdat7a
agoradesk.i2p,ztqnvu7c35jyoqmfjyymqggjpyky6z3tlgewk2qgbgcmcyl4ecta
alchemy.i2p,mgmtajo3dog3ljtjvbhx4n6go6q27uoy7fwk5etgodqf4ezd4gka
algothink.i2p,4lgo7hkkasxnr3gp6o4ehkjv43bpujdmgr73cqpubjmazjepbgeq
allium-uptime.i2p,uptimecfhrlmie6c63socwah2yzh5idmjllumdbxgslp4onrnema
ampache.lumen.i2p,lumena3qb726zlcgyu36c6ciflpm6btxctkw2gjq7outvhzacfea
anarchy.i2p,355jdcopct34lpun3o6cfiymcmsoto3wic4ueu63wxwqlm2bpioa
angelwood.i2p,jfmztyrgke2qyaviai46hu6hdx3td4ws6ctyxvs2jwqkklnjej6q
animal.i2p,5iedafy32swqq4t2wcmjb4fvg3onscng7ct7wb237jkvrclaftla
annasarchive.i2p,6uiz67lssgkkflzfss5f7cewr7fpqyszpud6elidxozu3wsohlzq
anonymousoverflow.catsarch.i2p,ocp7zhdsbl2mjabv5ma5jvbzg2dqzglieayjvyj4j2r7qvsqlboa
ansq.i2p,5466tyj235g5vfavpwfvdfewo746brgce7vl5czbwyoom5in4gqa
ao.maid.i2p,maidzon32y6ip2ghbb3tno4whegfo6smawmuqo6tf5laskddmxvq
apathy.i2p,apathynmephepgsjnnjha67wondupq5iltites26eenqe7xrrm2q
apraide.i2p,73lpvn4e63izbrjxizo3xlycti5wnijiipth3ollbi52735c7zia
arav.i2p,t42fkp6zp5dfqywantq3zp427ig3q2onrmfv246tyaztpg4ckb5a
archaicbinary.i2p,zed24mnr5zllvq2p5aak7ad5cxqg5j7i5ke3xxt2escvx6xgxrtq
archiv.tutorials.i2p,lldr2miowq6353fxy44pnxfk37d6yn2f6kaivzecbmvvnnf5exyq
archworks-cloud.i2p,2lcmkusewtqbehekczdgc2i4ze5o24nfmo6sk3ikcfav6mkcxpxq
archworks-element.i2p,e2lmux7oemtk2zgpwfxiykbsgo44fdf56vbq4lrmy3b23hudzzkq
archworks-jellyfin.i2p,iutb277nh3hvfmqpqsxhsy342bmenfrthvk7uob4lidbpudcmplq
archworks-kiwix.i2p,iwznoiwfatcpc2p3hrcczivtdtovv4lppo7sougmwdwghxxzbdra
archworks-search.i2p,ubzgb4bmys7tyvg2ezl2t23ldn4wjzfdxkwwpuvxf2gfyach6jdq
archworks.i2p,yvbkgfldebduben772l4ngcrxassjykeamuskljqktpwrpqoqg3q
arisdf.i2p,lfnwtxocbnxz6wtuc53k36zsbqcchdd7tese7gqwnxe7a4ssmplq
arleen.i2p,jmlrrzxlzsrhu46swoibsfqc4wrlfrd6dopuwbrluxshu3lmtxha
aromantic.i2p,n4r3yj2as5q5ebeagvgwgwizobx3gb5unecxdn3pqjhdav4mldua
artixmirror.i2p,zjhzlv5f3lsrockbgsrwhblvxclmerdp7u574m3moehxy6c45x7a
aryluneix.i2p,wunvy7rsetbfwyej2kqknmnhvo2o2jkteblx52pm5vsmstbosawq
asshole.i2p,jwdsicbkg3ulbtv6wfhrrgocx6m4pyjatvmmu2bfmyechvm6pxvq
astra.i2p,astrasneqjok44eyzvctdyv44lldrp2wbb6zh4owllejgrnemmvq
atia.i2p,atia42hvtnklmilskllirvl5e27letgqghyuvrlvtaktyg32kqwq
audiocinemateca.i2p,huffwds7ecz2atf2kzljvykkazoper444ehrp5nfkgdxgzkrp2oq
awuuwa.i2p,7mwx2ek36sbvac25cgvw6yjm2lsffr7cloibkcmmkeaq2upibnmq
aylivaradio.i2p,y3gnktvzezcwagvhlrgeepedrvrqldfuabukls5mjsmkshclgpwq
azathabar.i2p,v35rwae5zb6fcgd7phzkireghtuen43umi7l5yvahm7ezkqg5uwq
badman.i2p,gruqi234d3f2ex4v62ci5kgm3kwjdyxce4ichty3wbho62opm62a
badmusic.i2p,5jmsltjijo434bocevbfzfeozwcaxdujgbuy2qu2acozeosl25vq
bakasuspeitinho.i2p,bakasushyorbyz4zklwkgn5mn27vim4h4wmc5jmi7whquzqm37aa
bandura.i2p,n6eqyu6glmtgt544ys43ggrozhpiw7biyrelrvmkmg7llfcjwm4a
based.i2p,basedifylzugieid7qvwon3gc52qhtrdcl7swsrnj3yeuj6lelca
bastyon.i2p,7z25zvvoegjyl6ng4b2idrbutgog6wb6vrqleiqguehy7t6yfmda
bb007.i2p,mybtq3zqeycnddzrr2ciyl2ufjg2lov2rskk2ukkyp6d3323ovda
bbergeron.i2p,yl77amybakmmazovelx7ykzehzyq5d2ncurqc6c4wmofm73o3cbq
beholder.lumen.i2p,lumenh3oj2fknv3i5a4t6uvagcqpbgwhh6j5qt2le7bbgred7d5a
bentasker.i2p,gdncgijky3xvocpkq6xqk5uda4vsnvzuk7ke7jrvxnvyjwkq35iq
betacraft.i2p,efnkhmiba3xzauulywhf6tvacqjzdsz5gzejqb7hlbq4j7dz34pa
bibi.i2p,4iye5h6b7ktajp34jhhfrx77g2kr42w6e72u2ixy5acwwbpgclfq
bibis.i2p,m522y22o5yyvc4z7tpbl7levr2ofsgbed66eueco4ajtkmospvpq
bible4u.i2p,xs6lr2g5jiaajtb3nkno2zmy34eipitrggooxb7wtey7uko7bqmq
bickle.i2p,bickle7ogio6afnxtsswo5ce4zoiulqnvuzc2z3hky4ghohzarqa
biehdc.i2p,jjnjkr4ccbkvqs6mjr2ybxljhw32mdrc2bgtwm3wfafyfoov4ira
billygaming.i2p,raa6i642oo74vcsfkwxzdzh5d6ovaxjvyhtgqtonbhpekvl2kdtq
binternet.i2p,proxyrr4qmb46amdiufytunrs6joupqzedxgakcgddmbwbawjk7a
biofibers.i2p,7nmdwdulos6q5lbhfptuli2cbrzcnpewq5rslvw4qewde2yd7i2q
bit.i2p,hrfzxclnexoevust3f2ma622iaqg5n6iy45obwhelmpyvojib2aq
bitchan.i2p,waycuw2c27ruakfblkf5tcegwmt3ot445dlfoypil6bzmm4yxg7a
bitcoin-node-x4e.i2p,x4ezpmbnosussvl75eiri3nnftpnhqtdlwce2sdxupcjoheukxna
bitcoin.i2p,irj7eualgcwi4dufzxyetyhkzcf747c46lhuiup22cq6p7ggtcxa
bitmonero.i2p,wu5bd4ymhs7ywgebuasyosae5rc67bfmlory76gghozolagyu55a
blackexchange.i2p,ztgr5kghkyn43fhhkuycroxgfti6cojo3vg4wdd3usqonyvrla5q
bloat.clubcyberia.i2p,amo5qe6tkxjjrl5omnegyl7vyip7bx3xc7y5k4hgmqrmop6ifsla
bloat.ryona.i2p,q256toxhs7m3ntmu4sq5l7levm6vr67f3rmqytiqpprgflhn42qa
blobs.i2p,5e5tywr27fg3s62kyh34zpgpnrf3tn4fo4q3d4jqgnztnqggxj4a
blog.bocheng.i2p,jnnc5ffva2a7iqbnhfgnjgprp6lffh7ug7fwvtapjmt2ciuww6ga
blog.mittwerk.i2p,bloghqdcgvouhydfpdmj3nziu4vdbqblmhped2mqjrflx5gfkvlq
blog.solin.i2p,ejzpzupf4mns65aoricgjpb4et4witewfj3h2titx4zco6io3o3q
blog.torproject.i2p,woelslt2oh4dn5wlxfmpjggyyu6l7ntgk3rngrooldn57x4kduma
bocchi.i2p,d7yrb47iec5lyeki6gw7zrucefvdzbm544wf3mkcgtel6bm7j77a
boerse.i2p,7633w56hd53sesr6b532r5qlbdnvyl5bnvama6ign6xryaxol4rq
breached.i2p,kf2hjvwgdw7mhiw7d77mj6jnqibxgpt2pwhtjhbaubmzqj22pk5q
breachforums.i2p,kf2hjvwgdw7mhiw7d77mj6jnqibxgpt2pwhtjhbaubmzqj22pk5q
breezewiki.catsarch.i2p,vo5og6a5cvmhyio2qdcls7awwhuhqfqutxgamam5ojkdvdaxetmq
bridges.torproject.i2p,2tiwhibsjvys63t43xncar6y52dy3dpct6edglenhzlalmyirb2a
bt.i2p,hs47vlulptpmlxyfmm27y4tsu5seqhto3fnesyyccl7qrvputsgq
bt.maid.i2p,maidzono4ld533dc2ga4ojfee6a7zqfechiicivdp7fijoy2euua
btc-node-x4e.i2p,x4ezpmbnosussvl75eiri3nnftpnhqtdlwce2sdxupcjoheukxna
btc.i2p,bmr7otzks6sukzf6gq5m6jnlnmq3csaok4bdgx6tezf4mskb5lea
buhao.i2p,z7z5mv3tooeipw7ose4lrq2b3uyrlzjf5xit7ig7kvpalf6byfoa
bullenweg.i2p,bullen7ukomkh3hw4vr2rj5onao2ombpquba4rf4fw2xql46au5q
bw.vern.i2p,vern3g7d7ykel6suo6fxiqk5ijzof7rz7k5xqcdjhm66vz65ijva
bytepay.i2p,7amc4ztwkzu3cgsaaaw3223ohuihn5hlsqc6gpf2rxdyptdkyugq
c.i2p,vyros74gy2ubpkvoga6wy5qn264kiar2gb2qxemov4p2abnzzgca
ca.i2pd.i2p,u5safmawcxj5vlrdtqrsqbsndkr5cfenpicgg5euu4xqm73yicba
cadillac.i2p,5yviradwfb2ljtxibagp65mz7cnc7pusffjsjbpcdrn7fpsyfgrq
calc.i2p,xezie54v2ygd5q2ezmkyuekeq665uuitfw5o2b3uu443nsj7okba
captcha.i2p,zujartlizloz3lh2q44m3aygsnpjcircfwlqz2eaz65xpkbbltyq
cascadia.i2p,region3mgcasii27a72zgrdzed5nqdidp6yrdtipvufq2gky3q7q
cat.i2p,ufmksvvitdrpofpcalhiloctyffx4q5ugf55n2tiynxjjhd265nq
catsarch.i2p,s6dagpvf5ccnpkyjigjykkrbxwo6xgajm2hvvyyeaymm27qd2tpq
catswithpowertools.i2p,hc25u2iivuu5v5e5ntsewgyk2hmzigceelkxwtqehbtqyrdikh5q
catto.i2p,opt7xcomnvcppgayskmtu5hv5ekcrw4zoghqdcu7yawws4pygjyq
cbs.i2p,u3lp7wazvq6opodzwjg5sc5w5kwxehmxd4wcdpt4s4j2k4dx4apq
change-your-thoughts.i2p,cyt2di3i2i463klab2jk4rtkdodx25dwll45b7yqreuhgag4kwua
changeyourthoughts.i2p,cyt2di3i2i463klab2jk4rtkdodx25dwll45b7yqreuhgag4kwua
chat2.i2p,tvy3yf77z6o24af3wtkmplppenvj3nxupv6fdt74ynlupi4p6cta
chat98.i2p,cbpzzlbzh5icfi3zcn76r4cdcw3o5hwckaiamqczvnnfs5b3wvha
cheburechestvo.i2p,ofuk7di45glhry6bjbbypetrupgeli6gsfd2jxdx3i5lwkl4zmga
christmas.i2p,zijapucetm36vxrmdstfjhrep4xeqjnudbxwx2aji2cq63wnw7da
ciftci.i2p,vyros74gy2ubpkvoga6wy5qn264kiar2gb2qxemov4p2abnzzgca
circleofthefallen.i2p,xqgslbwgqb4rh6v6gy4vfusecucywolp5u3mam65opv62orzduxq
citrus.i2p,citrusogkieyk3hleilk5scb5a64jdzoogi5wjv35klrvmqsh5ma
ckkpss.i2p,ckkpsswi4k45ihka2hw4ooer3cikio35wgyhg44a2trju5gd5lea
client.mynymbox.i2p,7rxmkzdsrujmihvimvlzb6koipvtzzwnyzykvjes45v33eph246a
clubcyberia.i2p,4jgbxdwkokxm6b2lzumpb5y7mtvkd35d3v3q7se42e5b2gormt2a
cn.vern.i2p,vernyaourawd4avjf7ye6g43pqovys5wqdr672kervjpev353klq
cnuuyy.i2p,3asah3624zolczqeucci4674ekpgtab3rsswxodhfcndcu6vfsda
code.i2p,kbvgavzjmwcalmg2dlssj2p4huw6dy5bggnvpwixm2t7hvgtpjpa
codonaft.i2p,codonftbnpdkjwyflssto3iklawhuthbe37l6swigegqkyyfmiqa
community.i2p,64luakopnvffchxnibn3d2p7uqxixtyuallfqfgifkkcmfcrczxa
community.torproject.i2p,wmw22z5c24b35hlepzc2g6k3cpcg44rcg46qdwfo5heiplv7m4ca
compresscafe.i2p,5i5tmlmfvwycniw3cnxcctmnfaskixlrak52vfmlfiwsmqex76ga
conrad.i2p,conradn24ijihdesxswk2zt6f7bkykrti5pm2sfijgedzsckk53q
control.incognet.i2p,56dljcl23orwumn662jk566rnm7prwl5l54piowoa7xzjxntytka
cookie.i2p,sjfkru4vqwbf6ukhhqqlhryzmjngv72o3t62crjujxcbfzo6jl5q
corbeau.i2p,xzs7o463rninnwdsllfc62klxjfzgkryznvfxy4dbn5irknp2fyq
cosmicflow.i2p,3ybufp27despd3l6xleeid6czdywxzq2k5jychilyuxroorhtl7q
costeira.i2p,abhty5xlmnyab2kqdxcd56352kcescxoux3p6dbqdrghggyygnxa
cosway.i2p,d5kipaig4jcusvvvcbdhj6wzgqb3zt4mayi5hdix6g3bjkg27jra
creatorclashboxing.i2p,5cttm5tujx6cvjogndpn2wz6eqj7cplnatkv7iercgds7ukphjtq
cry4me.i2p,cry4mezden3svjdni5qml7te7cioiudqsbntou6m5zrrjtqc2doq
cryptoschizoclub.i2p,jt2xqtjzp4a36s2ilp325bllc6lxxfyoj5vbnjclghv2zzz4uwtq
cs.i2p,kzaeunogz6s75ptgy6ifjzwwy75xdfenenswvrczd7mewxgrad5a
ctbrec-archive.i2p,xv6alzi6vjhu4uk7lb4nw3zoxbqyzfriux4abtgl7zaij22j7i6q
cypherpunk-handbook.i2p,poy7mv4bgjnjgxq73hck72x5lnspvev4pnsiea2gdyegt7xpeg3q
cyt.i2p,cyt2di3i2i463klab2jk4rtkdodx25dwll45b7yqreuhgag4kwua
czarekplredlib.i2p,sfiny5k5pj5xcamazzegnwabcevoobf5vzwasl5pw3brndab62vq
czarekplsearch.i2p,mtt4owbxqzltvjor53dbnh4tgsi2rwpt2oemta7fklw3o3f2noda
darkcypher.i2p,ygqfgsuaqdxoreteubhmi57ua7rc2e4gikkq4hcpxsvyoi6syrqq
darkdirectory.i2p,7bcu4qig72owkoyutepbflbmi4jx6rcquaeqnfjasbm27d67rrvq
darknetmarketbible.i2p,dnbible6wgwbxwfazphk7s77ah2fggexj6ah3hrhyzfimnicr35a
darkrealm.i2p,gbh4eerxdsph7etxsxznfhvmuiz54trlkenakqep343u4xcoekzq
darksavantcrusaders.i2p,ycawalcsmotkytmgxyba3x4vppxiaep3xdjf36vc5edmthyy2skq
darksavantsearch.i2p,3fa5klv4llzqet4dkqmol3n5ohu5zgfdipru2rtcpn6d3xquh6pq
darkwolf.i2p,lonewolfqe7kiy42xqvbipx3wzzrzyp4xgq64m62wdoys6xkwm2a
dashninja.i2p,dzjzoefy7fx57h5xkdknikvfv3ckbxu2bx5wryn6taud343g2jma
dc.i2p,vyros74gy2ubpkvoga6wy5qn264kiar2gb2qxemov4p2abnzzgca
dcherukhin.i2p,qa4boq364ndjdgow4kadycr5vvch7hofzblcqangh3nobzvyew7a
ddl.i2p,3b3dj57xvj3d2ndlsyn7xnzzkpsrzyynkcqgfruz6q7tleqsd2fa
ddlc.i2p,ddlc6pv4rspofkmojgkox62qvmuv5gyqxhfdbhj2f7l2ikhgpa3a
deada.i2p,sqtgwi6biim4iz72ulwg3yjc2xaph4ywjk23kno6vvkegclpavca
denshi.i2p,denshiky5uqsfq7ra2djupn4i2l7jep27pfedpzoxiaujsuql4za
deurachavich.i2p,vid5decwryxwpieu3t7zmp5moafksxtloep4ww7mlycvmec2b22q
deutsia-radio.i2p,deutsiampy3y6z2gceje5llbi4vakzj67wamyjdqlzv2tines25q
dev.i2p,develop2pbyxpi4an5bicyuzgshbldr6ivp4c2snqxgzhqryulgq
dfo-archive.i2p,k7n4yyqosne6w5zui7zm6jpty2rj77vyeo2qj5papieoi35t7nrq
dickinass.i2p,5x55ucmwxf2fvrcboapylnrcwdvunlokq5c7mnofno3bkrlqltza
digilol.i2p,un5a63xeqltbvrdm456fggcxqnwwbio5zzfjhjh3v5bxvaza5saq
digitalsr.i2p,ldavoapfhoqpxvihdsdjjo3phlt5ujkgkzigzbesab3g42rwvbpq
discuss.i2p,wrnowoalzz5mquzaygmcrm4feuqco5gsxyn42fizbqjaprtdx5gq
dist.torproject.i2p,pbhgoronppg7tq3dssnwmhzkbrscbvtmy3d5pmar5hyhnqwjj46q
diva.i2p,auoqibfnyujhcht4v3nzahpqztwlyomesfywltuls5bqqi3nd3ka
diyar.i2p,vyros74gy2ubpkvoga6wy5qn264kiar2gb2qxemov4p2abnzzgca
diyarciftci.i2p,vyros74gy2ubpkvoga6wy5qn264kiar2gb2qxemov4p2abnzzgca
dkf.i2p,dkforest4gwaceahf4te3vs7ycddtbpf2lucocxdzhphezikdgnq
dlf.i2p,dkforest4gwaceahf4te3vs7ycddtbpf2lucocxdzhphezikdgnq
dns.acetone.i2p,dnsgzxkak4zlrrs5tfh42ob57iley4xrp7srrltn2j2yl2ynbiaq
docs.get-monero.i2p,eltgje4aus22v6kwfvfcpmmyw5yke5lchxyhijwvfthaqtevlvsa
dolboblog.i2p,buj66ezvugikrsz3onq3zrdgkjkwdow4gqddrhdv6jjvx4zoyuua
donate.torproject.i2p,crxdz4n5viyy46upbd4amlzxcinkea7hwj3mkiudrw3nkpnfv42q
downgrade.i2p,tstsbt5rdcqaqj2l57rf2tp56e6kdq22qvmexajfa4dpj3romhta
dox.i2p,es3uyvspyxhiapv4nti42mmrc4bsfy72i7twyzz2336tyjtidmsa
doxbin.i2p,es3uyvspyxhiapv4nti42mmrc4bsfy72i7twyzz2336tyjtidmsa
drawtogether.i2p,jba4ew3iuqotl3rw5fgtqozbayclp2dacxsfhpcy3eusdt3dtgaa
dread.i2p,kf2hjvwgdw7mhiw7d77mj6jnqibxgpt2pwhtjhbaubmzqj22pk5q
drop.i2p,lmm3lzmyfct2vqhxjesxics6efs6rnv52jmztolorxoxhq3tlyla
dujemihanovic.i2p,dujemm4rrxkobp3bp2xi4k5fii4z75shv5djyf37r2ogaurlxn2q
dump.i2p,dumplinf6axdc6zeingl27du2jvdvdpfch34jagvqhtqezvjqzzq
duplo.i2p,duploll73zmvxevjbfd5x2qxjafqjmectmc7lok7qdgkxgkxk5ea
dynamica.i2p,vusvxzq5ntkuloaqacp5sjiskqrgzmqjom4m52yin42ksbigf6ra
e8.i2p,5spb6cl4ffallahbaj2yadag2zgyuciouhz2rdcnyjcf5phqcu4a
easygpg2.i2p,bwxry5alzx5ihgrd3glah4eotddblzhalvpheppnw4zcajzqoora
ec03chan.i2p,rkh6rl6wsw7d4ugzabusnjff6vsxxruj5mw7hu5ignq4ouphtijq
ecororre7.i2p,xoh5nbbpipbhys5lmmcfm7driu7l53q6juu3ct7qtq4zlfdbwrsq
eddys-blog.i2p,b5nhtkkr4mneoo32qju677rfz5w67ptcdbjfxkhu7zewtqjvw7hq
edouard127.christmas.i2p,aktkbhrevrcfvqf4r6gvvnjlxdwvqhd7ylgvvilcif6t3umkzeaq
eepradio.i2p,yx7n7h4o5e3w7mlikqc6ysi4sgvut7kwj3cxn3nfngde6nyod5sa
egirl.i2p,pocrafwshmzqledpumpdsicqiz4gzqugbsruazytk3qe5kofsomq
eientei.i2p,eienteiqt6mhy2gwali25oaqixulyhjmsnhiig6kdenlpj3rbbua
einthegrimangel.i2p,ougtq3oquy6almdk7lmvzh6z3qpd7cg2md3n42kjxpmriqngp3fq
electrum.i2p,gq6sff4e5gehqegjcljrw327p5tiwy65bpkqtfbe22vvzgzkbwla
elemento.i2p,iduunssrxii6azry5vs4xhzgbnrvuajdydazxetbfjnbatea62xq
elgoog.i2p,z6hrgkg2ajmuzlrddjlffrgctx7x7fkipm6c4hdzmohyn5wkr4ya
endoftheroad.i2p,gt64fmjtldpb423g5lzrgcowezxkvorrhvhaesdewrnjw4547rka
enlightfragments.i2p,cqxl3iwrxy4eohpggkjtryw5psmusdc3hrea76skvkltdbhoiiyq
ero-like.i2p,ncfq745sechcx2frri56mmds74psse6porzbpb4d7agnbqs5hapq
evelyn.i2p,nanonnsfo4ons565ieh7ykwk6mcdxxhnzq7lefrebvu5kws7jzba
everchange000.i2p,i4surtadjjprcdpazyuqqibgevjkucusf3n4fkxto4qnjazrzt4a
example.i2p,ptspdp3oojbgzxc725xa3pckpjezoa4gq5ovc7uolwuke5y76trq
exilio404.i2p,j5oymfmof5xrjv4d432kupp6spocnlljwk5jmp6tsy665bcu4hsa
exit.stormycloud.i2p,5d4s7pcvfdpftfk7npc7hllyujhufsdprtrf4o53i44rgsa2xbwa
explorer.gostcoin.i2p,ktoacmumifddtqdw6ewns3szxths2hq2fat2o7xnwq4y3auga3za
exulan.i2p,exulanz4biz3y4wumw5blkqwkjbxzhcwg365tydrmkrptnpxvfba
f.i2p,agbnhyxekuzgmjr57o23w3zlefdyiboroeinlsn3ghzjhajxhpgq
faraday.i2p,faradayozmoqygwvwzoes525vxsqegje3i73oo4qfkfat2eqj7oq
fattydove.i2p,qjbu3knpp56hugvm56zcdk3eitb3uffncpzp5tjyoafhttcim5ga
fbi.i2p,nve2i7utp5dycswzi6dgtnncfbvejr4qyk7i2py4w5kr74ufbgma
fc.vern.i2p,vernkas3nvhxvfzkyz4rvzul3c6gvrdtuo7lzvvoudcatmjqa5ea
fckgoogle.i2p,q6aezp6mgmyf2b42yyonx6zzqd7erlqfgzzijtwkeboxywb4a67q
fedi.vern.i2p,verncc3ifybf2wvag5sgjmpsdp4lcv3ppuvpnlihcgffuqytkaxa
feedback.stormycloud.i2p,5kwyynf3eetgqa2nors6ctwo7doi7yu73k7uvypy5eqmm326zkiq
fftan.i2p,fhqlqepzszevd6gillkbvspyoqedzxrloaqsfh4apcr3zgdrhd7a
fido.r4sas.i2p,i522xmu63hfbaw2k54cthffcoqmeao6urjyq3jg4hddf6wf57p3q
fight4renee.i2p,2zxgs3pz6qn2qomzhs24iz5byozmhbacnsmcw7twyjmy4xdspjta
files.arav.i2p,gajftpr47ze6ao7e3q2tb5xmcqneyaczu4edzvwwg2qzmnernpka
firealarmusb.i2p,2b5bgsm4kh4cvvvoeywpeqdqj4fsc2g6qljn5clv7itebj56vfta
firealarmusb2.i2p,2b5bgsm4kh4cvvvoeywpeqdqj4fsc2g6qljn5clv7itebj56vfta
fishsticks.i2p,btjbfuh2wav3c7bkjqylgatbkvqaireemvsvxwetkrifuvfa35da
flibs.i2p,ocdm33e3h5tdml3yyholj4objdwsrhlugfqjnqgdkslmgdzb6b3a
flibusta.i2p,zmw2cyw2vj7f6obx3msmdvdepdhnw2ctc4okza2zjxlukkdfckhq
flueger-geheimer.i2p,mgra6cerl7s26u2didzilztobfi6mqql6w2uvknif72hwiggezda
flumental.i2p,nytikgg5rxiyug37icpror5wh5m6ppi7iw5yccvpvsdl5nduj2ua
fluttershy.i2p,av3zh24ttetcm6ue6yquph64efp7v5ice3dxbgdynjdemvbnx7uq
flyingdogisland.i2p,fdilandiblfhyi3xj7i6otse6zzjzhpmx5wz35oqft7qlioy722q
forum.i2p,w2l4ioryttimi5sej5363coumqao4rjabmcazn3ww2iruqwaiuuq
forum.lmarket.i2p,lgiftj4ly3atfu4giijhhug6zsybfuazyhw6qzpypro563lxn23a
forum.skynet.i2p,6mw3jzhte6oohnfue6kgiwkv23txwjeae6ckrsq3g6lfsqnuyzha
forum.varikvalefor.i2p,p4sge4djxppmcy5mno2b7ex7fljbepwct6zf3hkqjzbsg2pckv6a
foxdickchan.i2p,iqxr4hupmaqdd4wvkwwjjrq6ddocydqqqadtnk6ltdnalvrzanxq
foxdickfarms.i2p,xrggfnj3jl5ugeqc2lshpcy5u2cxsdzynkjlorxvuj74walze6oa
foxgirls.i2p,fh532y3ypedf6wpyzih4djn6mno6rozvkgybnavg3vrf7o464eyq
franciscogg.i2p,l2dcsbr3jifwljkeg7eqt47ktzrsgyzmhe7pjakgp4ho63zfwgda
free.i2p,free2ryftlqkf5uag5kqgehsfjkul25qgyfkpibgsud5vrparyva
freechat.i2p,z77hkq2gccw2u4z6y3gv4mtisyfvk5eu2v4bsgwvwjtgvprrkb4q
freefallheavens.i2p,7etudb75nhe6vxslitptjlwrnbybdshvzxnweuiepsxbbkkxy5ka
freelance.i2p,freel5toedh7cf4com5yc3hgyqgivgut4flfltoj3sdrxqwsr4xq
freetard.i2p,freetard4wexmj5b7737gtgfixpifymbwco223de4c6fywh22hua
fruworg.i2p,agbnhyxekuzgmjr57o23w3zlefdyiboroeinlsn3ghzjhajxhpgq
fsfans.i2p,fsfansa6cam2xdnbhekn6jirbijkgnve33pvf5vd6u5md6pqjjka
fsh.i2p,fshplusq3nnfgehjgsmtpv4p6ccqr75y3g4jdexbceqgf3oso4vq
fshplus.i2p,fshplusq3nnfgehjgsmtpv4p6ccqr75y3g4jdexbceqgf3oso4vq
g.i2p,reex3hznk7ez6idkcubzgero34xoab2kjr26bjt4tz5ebcezlr3a
gabe.i2p,gdd4pmi6zwkneh54x4pycwcjen4lx7ia7ts5s3kegdqvcyrwdnxa
gabrielggr.i2p,gjmksfxnbryzmtow3ysiya23xkgxqo77pn3elxn4tfnwbeh66juq
galladite.i2p,gallap5oyvl3kum6pck2sxnmofojogkg2c4xpilpshpejfchtrvq
gc.vern.i2p,verny3lihmavvnyavtd2fodz7cjyvp7rckfbbfq2lgofeajlhvxq
gedanken.i2p,kw6isjbs66uf7576fbb3aniokxtrpqmbegf4tf3xskg2bmrjci7a
gellegery.i2p,3erw3ecbrpxvwk5ulb7hazfesef5cotjdmr3cp7ihifwub2ctlqq
gemini.sysrq.i2p,xcr3oeil2zienex6bjtlheprhvjxgaysc7nedr5dtnys6j4e3ska
gentoo.i2p,eahlte5ovyhdyevn4lans3k73hriristz4g2xjyly6rip24bbira
geri.i2p,geri6fwlcdum6gcg77s3ew6y6ifocixetxfubk3ci27tbvutvkca
get-monero.i2p,mituupybd7l7kloh4tblgkapumlvny7ujyiluzodibcrhrcp2fha
gettie.i2p,7cu4m4bwmzoetktmi3z3tv3bzc6p4tyh3dectjiwiulq3doy6hqa
ghost.i2p,reex3hznk7ez6idkcubzgero34xoab2kjr26bjt4tz5ebcezlr3a
ghostchain.i2p,kfxi4vfiwkm3q7g4mlm533de5mqfct4rxv27eyv4izzzkr2gbfiq
git.arav.i2p,p5nkflgogwv4esy3ainup6mgurpugmdyufizhuufauznreyvprsa
git.chat98.i2p,74f5ydnjsrizxzjux3ivt5qt2epgzvq2pfipttdpjblyqcx7i4sq
git.community.i2p,giteabolfdejtdzblkooalqei6jr67imiugmhtsh6ocw4hlj5a4q
git.cosmicflow.i2p,hlkdr4g6ucqygxkcj36db5boao7bcfvhpoh6wbgqrvg7tcfwwcra
git.dujemihanovic.i2p,nqf4pmugilq6nki4h5xplowh44ctufgfdmhektcg3ft3d7v2kxma
git.gellegery.i2p,aovgn2acpsfyuj5ltvtgs7cw2qe6oy4h2qrrmfx3as6t4vebccyq
git.i2p,giteayof3hpwkfnwnryy6l4qhq3cwdzqlr72jokzbkc6ol43mypa
git.i2pd.i2p,7p7piii66oika4bkrkxpkqf3tabx3n5e4lkaz3hreb5nrllefj3q
git.idk.i2p,7qeve4v2chmjdqlwpa3vl7aojf3nodbku7vepnjwrsxljzqipz6a
git.maid.i2p,maidzonptqcatrbzd7rbufwwczjj4qi436b7me2nkuachfpi4cmq
git.skank.i2p,dxlfhlrqd23exqwmjr6vmq5b5tn5lo2irwydhjvbiciolwq4auga
git.spyware.i2p,zin764g7gchdgxub4bskkztbkjlgibs27cl6pfvbqvjqx3prjgjq
git.tuvimen.i2p,gittuviwndnpyyqd4zh2f73smeq6vbv2d4n45yxmq5f4x5s6fepq
git.varikvalefor.i2p,6sqxtpnpqqnlqbdxu7dadmorrffnpe3evbz5zye4y5kvljkzkbra
git.vern.i2p,vernj47t2vz4qiobsrcaj6eqhaquqe5qsaejga2glol4b2snhcfa
gitea.skynet.i2p,2y6cyrd2wqbm7czvylzxlp43r67p4wj3jetvzpjt6jovjrgioirq
gitssh.idk.i2p,g6u4vqiuy6bdc3dbu6a7gmi3ip45sqwgtbgrr6uupqaaqfyztrka
gitunderground.i2p,hxsuye27g4cpu3qqowka235hvbrrsggdtvf5pje3bjl5qkijvzqq
gkd.i2p,gkdbbsew5yasf2y3eu55butn77t5defdyxsomlblpxwv4yjwomvq
glenda.i2p,355jdcopct34lpun3o6cfiymcmsoto3wic4ueu63wxwqlm2bpioa
glorp.i2p,glorpaapa3crbe4wtgccuyssiv7iunmn7cwk6bkdcm4euqycur6q
goat.i2p,sxetnun4hdobtu7kbafb5ev2ylpdz7c3yzhj6nyignundlazmwya
goatse-cx.i2p,s5opfm7yiehs7iuwolou24rap6z44qnwbei4tcdg36whfdvhy4sa
goatse.i2p,s5opfm7yiehs7iuwolou24rap6z44qnwbei4tcdg36whfdvhy4sa
god.i2p,rawwhbbzoyutxm5yyujys7mhbvn6yfawnpcwqhwp2pjnc5r2owba
gomunkul.i2p,n52coqwyakqi6ccubytf7aysptlblkkigqmhaej7w5ybosbbjdqa
googleballs.i2p,nwjyu73nbo5hlazptenuprncc2risryugmvhlzlet36kqibt5iha
gorchitsa.i2p,2hwntpbpoi3sw6hedckzultperu74by73bpma4g2kzzt4l6ju4bq
gostcoin.i2p,4gzcllfxktrqzv3uys5k4vgkzbth4gqednwhfpt755yivm3davuq
gov.i2p,vyros74gy2ubpkvoga6wy5qn264kiar2gb2qxemov4p2abnzzgca
grindchan.i2p,gayoubqlj57jc4kqxirdrqplrnhyeqwodu3yq6k5nd7oirznobhq
groovyaardvark.i2p,lmwokaczvbbgtss2ln7ie4rukvnjqzeppaq2ueqehlsepbuyrxgq
gts.varikvalefor.i2p,so437i55yz7th7ufbroxrpwa47ud22rqkjewfzlmm7d53gzrnlda
gwelbsoite.i2p,nf45pynbkmm5lherjjuj36xc7bzdh2aapvycaws3vu3qofjgsi5q
h0p3.i2p,k5fppzxc3bwoz2mjc7q37jojbrxo6vtprac3dzrk4wapv7irr4iq
h13.i2p,tozb4vssixoccyqtgnpaatkg2ql52kkjwnsdo3dltezges2na4bq
h2.vern.i2p,vernbzrr62wtwvddjcpo5stg7mp6mvoi7y2hkdekvextwb66mj5q
habedieehre.i2p,ehre2peckhgn6pjmdutpseuy36vtpj5chgyyli5bltvflc7xtf2a
hacker-library.i2p,vfsajfbuhbjqkhencp4lvjyv7cbvimpiparqjw4ifqbhwmqcv7ea
hagen.i2p,e2t6rqd2ysbvs53t5nnaf7drllkgk6kfriq3lfuz6mip6xfg644q
haiku.ilita.i2p,haikulhsyvhb6gndxo6icij6hkaygm7yqsdvtdut5zzy3qsawpxq
halfway-neko.i2p,4u5u476npvcatbtzsgd2pbzowsslrxozxejsldfazi5gnjdpiokq
harry.i2p,xstkiveqmgzjaopdi4x2em76ak3co7v4rbseeigmyzgrfuph7tcq
haveno-markets.i2p,okoeicsihmjkqcqaiqow3arcrzm5ascwhpxq34incxg6a5z4tjza
heimdal.i2p,ops4ozeirfir23sj6dtp5d3ccwxid6y7jus3yonz6xct352wirgq
helplinks.i2p,rg4xk2t2bbx2clyvlv7rpqk5rctg5xvgrn2invdwlssuewyrfajq
hentai-torrents.i2p,aoxvxulvlprgyir5g4upgyojvddewmggl3jbzqzwhluq32cdgusq
hiddenbooru.i2p,zma5du344hy2ip5xcu6xmt4c7dgibnlv5jm4c2fre5nxv44sln3q
hiddenchan.i2p,6y4tltjdgqwfdcz6tqwc7dxhhuradop2vejatisu64nwjzh5tuwa
himalaya.i2p,tjb4673eiquilyqjrcqfdoxbrmi6kl4kbws65c7uw46gcmmx6baa
hisdarkmaterials.i2p,qcf3vxllflqfsbvxjlypfxsx36g5srknxnhpyz3ph5bcxdjawraq
history.i2p,jaqehjjswxchky4cw4heokw4yqozovmrxyboeh2dxl6nop7xxwfa
hohol.i2p,yfmtn64ssbe327jdtimidmrkxnww2fjklii6bkbrofneixk6rlga
hole.i2p,7ypn4pabfnaowq2q56sqwmrgmzv43mvbkdrvjay3ljaffnsucthq
hoodie.i2p,hxquaszpzcvdxdthlfgmme2327uyloulybfl6zfkfb6w4tml3pca
horse.i2p,horse64cl3qmul5ozcopmhtash6x4pgajwj3v5xg7qhoaua7fcbq
hos.i2p,7vuujautyqbwyeqfhkuaa5y35eljso2uka3hpmrqwtcn2crmufoq
hotline.i2p,6cczi27iuxkm3aivazaemzltdqgh42ljzurqp43uclbz2lid2uqq
hq.postman.i2p,7ewjvbcwgah57n64cwbsxqai7eutqofkesuxfsuhfheijivdjqra
hungryewok.i2p,to3afquvmrmk4kvozisb562elb2hdka6hwk6oeud32m6h2qtkcqa
hunter0one.i2p,cktahg2zim5w7rcnvj756h2dzsizym24c7dl6ugmqd72yfh2vo5q
hutor.i2p,vouttzj22msx7lcpgybfhbqoignrawsgo2sg7g7ml5kyuugbbkza
hyenasmullet.i2p,hyeena2kkibwuro5zbzikd3tu4laqoojoewjhj4oy3ua6zl353da
i2mdb.i2p,7cvro53uyswr2pzgupckypdz3mmnndeh4akkoqdaxhrmjfwlafsa
i2p-javadocs.i2p,jdempa2rkdvdbw5mfxuccg6bdhbqjqlhx6a3pszkxzo7ktsz2v5a
i2p-projekt.i2p,udhdrtrcetjm5sxzskjyr5ztpeszydbh4dpl3pl4utgqqw2v4jna
i2p-tech.i2p,hbpqgdan4klyqlflfwja7fg2hpmvybpj2lliut3lmhhmet7zg4kq
i2p.diyarciftci.i2p,kjuusf6dpw7jmfx6m4yedzjyppeo2d3cltcmvd6ygii3oqn25cja
i2pbetacraft.i2p,efnkhmiba3xzauulywhf6tvacqjzdsz5gzejqb7hlbq4j7dz34pa
i2pcraft.i2p,pkhcrpvyickdaobvmmx2knjixl5a2ckrpavixvxexhurc3n7uemq
i2pd.i2p,4bpcp4fmvyr46vb4kqjvtxlst6puz4r3dld24umooiy5mesxzspa
i2peek-a-boo.i2p,qgv64klyy4tgk4ranaznet5sjgi7ccsrawtjx3j5tvekvvfl67aa
i2pforum.i2p,tmipbl5d7ctnz3cib4yd2yivlrssrtpmuuzyqdpqkelzmnqllhda
i2pgeo.i2p,i4s7ws246gaztnkrg3cpo6z7rut7ldmwheqogz6ij65w6jesxtna
i2pj.i2p,txivumr5xhvtqmlbje4rhdruwx2jtdbc6a43qdv2ie3fg4ri2yjq
i2pnews.i2p,tc73n4kivdroccekirco7rhgxdg5f3cjvbaapabupeyzrqwv5guq
i2podisy.i2p,3c2jzypzjpxuq2ncr3wn3swn5d4isxlulqgccb6oq5f6zylcrvcq
i2pseed.solin.thetia.i2p,ljobz6bbaaafxfiteuzz7wl4hwjhr2brkf422ghxz3ob3yyzoyma
i2ptimes.i2p,563tjwihw2ql5q2kl7d7md7ywedpapoqgkxgazkz4gmlrb2flqbq
iamhere.i2p,ntdik2tptsl6i4zcb3kfezt6zn65rq2qq4p44dz5evrxsimws5qa
iarchive.i2p,bh543wkmcia4a57bp7npzhrz5qhbcybovcd2nqplcbpg3ltd3uza
ibft.i2p,ds36spqcf7dnj46in5vfnbbwcbjpslo6aafkdrkc47a2oq3zvtta
iceyfox.i2p,ayttszdechass557viqyt3wohjoishdgpx2rgi4xz2niwtniyi7a
identiguy.i2p,3mzmrus2oron5fxptw7hw2puho3bnqmw2hqy7nw64dsrrjwdilva
ignotus.i2p,mhzvwthgyzptiwe446h2zo5hijphdgrfwtf3hma2rnzhzsosccjq
ilita.i2p,isxls447iuumsb35pq5r3di6xrxr2igugvshqwhi5hj5gvhwvqba
image-optimizer.i2p,4ypmsdfaft2zu7vhcd37a63l2ohcg7szdzyaenkdyoiawpj2wwmq
imgcunny.i2p,dgj3vq4csz76t5iomgwexnz6viwenfdfuuud2pv46nurjvb52yrq
immortal.i2p,scampz7tfxs6x63rehy6n5d5susasen4fms2xa45rtb5vylg5zqa
incognet.i2p,dc5au74zy27twrqvdyhcgmwvh5nr5ct4k4wsv3pl7vrdzfrjafsq
indexof.i2p,indexofxkeoslxdrmnwtekcgedr6zksay6q4levmmsknbcu5viqq
ineedsomeacidtocalmmedown.i2p,jyak47oaop2eoluurpd2svd2vqs7z2ojbujbn47ifnkklkaosyva
infomat.i2p,7zes3etljj46xqvolwr7vcnvf3ornkpwqgh5vbvy7z42wteurkfq
inmymind.i2p,qj3wz6ykq2fclt6g6txamqelwb7nzh4jncrqdzg5wkpcd2pvy2ma
inr.i2p,joajgazyztfssty4w2on5oaqksz6tqoxbduy553y34mf4byv6gpq
intellectual.catsarch.i2p,ahysxi4w2wl7vf7ghy3hbqibvdg4e7je3s2lrsrb6xpukklevrka
interstellar.i2p,ln6wvu5jn7qxw7s6z5mthvlwwbodwd2vlswwgsvidb3x5pny74ia
intr.i2p,6jaqgde66kdsqct4ptzdj2vd32kblnk5scgwoprtmcreqbhobuhq
intrstllr.i2p,ln6wvu5jn7qxw7s6z5mthvlwwbodwd2vlswwgsvidb3x5pny74ia
inv.vern.i2p,verni6dr4qxjgjumnvesxerh5rvhv6oy5ddeibaqy5d7tgbiiyfa
irc.0ctoch.i2p,xs6ti3426sgr44wlnmtuwen7wq53qfxbvax6uupqa2okgazprahq
irc.acetone.i2p,qyzbrdw26ejjdjzsrcmq5h3ggdzk6cq5xynrgee5t5q73gq545yq
irc.ckkpss.i2p,ckkpssingzjiaqtrfakkjybu2y4fxuo6chvraxg575lcrh3nvu4a
irc.echelon.i2p,ez2czsvej5p3z5bquue5q3thujcodfze7ptybctqhnqc7hms5uzq
irc.i2p,355jdcopct34lpun3o6cfiymcmsoto3wic4ueu63wxwqlm2bpioa
irc.ilita.i2p,5xeoyfvtddmo5k3kxzv7b3d5risil6333ntqrr3yvx3yubz5tk3a
irc.intr.i2p,vtmrsijgdcfqmfn2dfcwhmottljlwayh7wmrr36p4uzwqwlofcaa
irc.killyourtv.i2p,wre4majmg2vnbi6id27et7yw6lnpf56wkbm6ftnlwpvxnktq73hq
irc.postman.i2p,hhcy7zznltay2tzwdvtd37g2inptemz3hk5zmxyi57d3sxgxbseq
irc.r4sas.i2p,hodhusp73gltozgrnianlbploon3rrvhrzfn5mf2g46o7aaau5la
irisa-pool-xmr.i2p,5xbxkyyhhx5o2i5myko6bxb7a2cvedoogwnfrwjo4hglh6vwenzq
isitup.i2p,xk6ypey2az23vtdkitjxvanlshztmjs2ekd6sp77m4obszf6ocfq
iso.aroy.i2p,35q7sem4fv63ikhcu3ntekjswsslz454tyfffaobummdkfzdtuqa
itcomputes.i2p,cp2bv3tthhyd7vf2vhg2z4ixtl2ldthe2k6ta5rykmiismi3z6ia
itphx.i2p,zwu2erk3wtyxlcbmd73kmxcirjghdkk4lpupy3xcavpm3qbob4da
itrus.i2p,xb2msd3hla2ziblb4rpwq252wbcab3affvx4megrw32zhnwkzp5q
itsclownworld.i2p,b456f5gvdxdegvl2vo4es5www2zf7vrvxvozftoefzmcwalhuukq
ivorytower.i2p,fpwrfvidfexsz7dspofkwtkmmizm7lyralfz5kvykffk7gubvxsq
j6.i2p,heh6666m6vl4oj4kyirz3ghg2pnlycpiluvdms7pdxns6gbpolza
jacksonchen666.i2p,se74m63c22m37zteameiijr5ld3oqrke3pmrrx7xwmbli5thfy3a
jakob.i2p,mtgqjdrqqpovyhx7tortulrnvakbptsi3w5yintmo6lqapdd3hnq
javadoc.skank.i2p,us3amyq3emvm6rcxmrar3o3uoiifnafijgseho4dxdsjgonfyaxq
jbo.varikvalefor.i2p,3flbkdhahkgq47s7vytubh3v4vk3lyqgwwh6dd2k5szqlrivdmta
jeremy.i2p,jeremyd24t2cminm7viyewizr4aj2zvm3kc4laqb3mjoof3guyba
jerryhome.i2p,a7hwc5yka2cvgg6ggzogbukhmr2mzvjmtorljtv4bqwztc366lya
jf.vern.i2p,vernaaamyu2hcxaoscotjmivcqhqdn77bbftpbilmrbcxqt6f32a
jikx.i2p,aazr55itvyns4lwppvx5njyx5tjdwemw4w6jbmpegdunznod2ieq
jimkiebs.i2p,epqxjestvatyv2ala7iqbm45elnecqecz2zmpoklzvekwjapu45q
jme-250g6.i2p,dd7dg7puhajxo4r7hp7qwvklpnnri3giz26mgotul2wdkb7q7q3q
john-rewright.i2p,w3gdozmcexedxfn45hge5qp2vqrg3zipiija43okzzofeyugsqta
joshuatshaffer.i2p,suisdypw3dqjt5k2oymfifv6mqjt73zst4jfahh4olmgsk2mqkvq
jtmedia.i2p,jtfzklmal2xpcokpfustgemdxbafclejne5q263ofxxlvoeacrda
k1773r.i2p,zam7u6vslhemddz347uusuzjdk5wma4h5hcmcqlng4ybbpdbjhnq
k3can.i2p,4fq6ypxgymnyfkeioumttwjwy7l65viroeqsxlb54z2we6uurkhq
karamba.i2p,g2lizyuyzms7m6gv24pzege5zapbinxfd2dzbaha6k246pl2xu3q
kay.i2p,faradayozmoqygwvwzoes525vxsqegje3i73oo4qfkfat2eqj7oq
keepandroidopen.i2p,keepao6frfgryaa4w6ssxkk3u6fhdt6sqqdofapgupb66khuer4q
kendy.i2p,6vadhely6peosftnyctbwqgnwlyhdra3l37am5o4bvh24cnrr3za
kernex.i2p,6tuoiapxtcev3knnfxq6ron7txb7tw66gifzy46hhvqk4armvaya
keys.echelon.i2p,mwfpkdmjur5ytq4og36ym3ychinv36b2a57f4rmgqmtrwepq3fva
kilopond.i2p,db7fsvhs6gpr5oru7p67dpf4zkfxqom4uzp4bizxowb4ekrct3qa
kislitsa.i2p,khceo3smaxtng2tnuicmcbhdnkk2j6myi4nkigcux76qh3aabdhq
kisu.i2p,kisu65xvjttimknlz3vwm6d6vlyzgbkn34hh7cji6p5m7a6ai5va
kita.i2p,karktldom4wfapsc2357nomadgidulk42lbygodcop224ecoysgq
kkk.i2p,kukluxklanib666d73z5fyeyb6vnystmvvreaodhjf73rhl4wxva
klarheit.i2p,44f7pe6ipre57xzhoubkhqglyatlq4tl2tdyfr2uhpkxbuakvkuq
kn-homecorner.i2p,at6gyz2zmu4fj6lzt4rgjifri3gu2kpattpluphubsr6d7idimcq
knijka.i2p,knjkodsakcxihwk5w5new76hibywia5zqcgoqgjttzsausnd22oa
kochkin.i2p,f5fjqgseevvoe4qo6rm4qoqennoj766orxsuopyiyjueqfm77nca
kohlchan.i2p,kohlchanvn6vtsujobyw4pt5naaszmxqutd5hsdatmxfe2qaqhya
kor.i2p,korafble2jftgvagce4v5zuxegsqprl3xqvpi373bhnjdzj62joa
kozochka.i2p,hzk7h3ckbtosn6anngawinsnyxez4yt3h4uzbsenlfgto7k3joxq
krypton.i2p,vqkfwbx5jz5dd6s4vf6ed4fq7rnvv5lj63drvf6js6whmaqw2c3q
kulervod.i2p,lemmythrunflevho5ox2fi4omlpjbvtr2hpokzx7ugimgqf5j4hq
kuukkanen.i2p,jarkkobwnxha4dysd4mbzb63abl7xy6fob2oalq4etp4pc6hrb3a
ky.i2p,sflpflzjvmsxp5cwseroucludkyl3hqhugdfnf7ifxripk63l2fq
kybermir.i2p,z2yzijh3dysl5hsopax6nzaobi7eobmhwuapgy45awr6cwd54xwq
kycklingar.i2p,gctswdhp4447yibxfbqg3uq2bvx63qjeqnaoaux75zw73leakyva
l0ve.i2p,keq3zrxserbzdzhx5fw5gqdqygx7kp37kq75xknoswvfqwjf4s2q
lambdaplusjs.i2p,l7jqnz3yfe2wtwietafoieadmgqbu7dcmzmey63ktbjtxal3he4a
laptop.i2p,laptop6ppk5rwwhxoctb3qzasxhmt56booeeyrlzrfp2ftnoqrvq
lbry.vern.i2p,vernb4mvgeej5kawfg3tm337sbihdf4i6oy7w4trirgsnaq67zva
ld.vern.i2p,vernz3ubrntql4wrgyrssd6u3qzi36zrhz2agbo6vibzbs5olk2q
ledechaine.i2p,7s4vtwkvxvmigj3r4zrc7s5ajdeqtris4qnj3n35cuuvuzkpgqsq
leftybooru.i2p,i6uwp7j6ceaqznrjifdi4szwas6pmkjdp6gshbqjkq7rm4jzxcda
leftychan.i2p,leftychmxz3wczbd4add4atspbqevzrtwf2sjobm3waqosy2dbua
leglasen.i2p,q6tqm2klaavlsfqjci2naul2nj57fbxvkwujmqdv53plhdxxi6mq
legwork.i2p,cuss2sgthm5wfipnnztrjdvtaczb22hnmr2ohnaqqqz3jf6ubf3a
leopold.i2p,leopoldoipmm7xqqu3bo2qcceia6rjuxeh3r47ty2ln53xlx2poa
letsdecentralize.i2p,mqtlargpv4247iylywxw6ibi6qpz6my5duqm33c4lcdhjg5yfh7q
lftf.i2p,lftfxajwgub3o4fposg6bqgty7pka5hzkizjaceke4c4p7k4fdfq
librarian.i2p,libraryqm3jp3ocamwg3tvzuotjj55zg2gymkdmxs4rbo6vubfrq
libremdb.catsarch.i2p,qjlgasoy3nxepgzntucmcnb6pryqxakwdu7sxvqzi7spdfootryq
libresolutionsnetwork.i2p,bilixn7urne4gb65o554565rl7tv4vzo6ss4w5x3pwc7pnlsnkza
librespeed.i2p,jkx74b5qnmkrinpjchys3wq5lga7g73fckrgpzth4fati2hiuzsq
librey.i2p,libreyqmoa2iuihoyyscolhaymrxxgdrmkgmiufnyaukwub2c7ya
librey.lumen.i2p,lumeny7ehfgryn5yz53d532kxaincvh6uo2magpjjzg26phjqzza
lisin.i2p,p66nw7blwmmtso2ag4bxw2bdpfgro4lehhdr7tvbeka5xl4jpsdq
lm.i2p,yeyar743vuwmm6fpgf3x6bzmj7fxb5uxhuoxx4ea76wqssdi4f3q
lm.vern.i2p,vernyxzw3aktrg3v5qpkj4eyiwc4iucdw3czwesop6f466joq6wa
lmarket.i2p,5qbo54qi2qkxjeprqkb52okggtyecqtqgawszt2k3tg24zjkoera
lodge.i2p,jyjyltub7kfusniymuiyis7p2uccgrtrl4ww73zjkdmr433jxb5a
loli.i2p,loli5jkwjnc2o3gcouk2yqs2xqhe4dboxvqxmae7t2kzhpsbipma
lolicat.i2p,2mvlbpgzlawdxqv3zlcgcje475kv35ow2itpztjpdqegbtjpvbda
lonewolf.i2p,lonewolfqe7kiy42xqvbipx3wzzrzyp4xgq64m62wdoys6xkwm2a
loquendo.i2p,43t7hngmrgywyevywctvn56pdzq4hmoimlu3356gekntnigafbxa
lord.i2p,xy2ebsetqx6jcc4zf3okdlsza774yco5frybirqjpe4v2elckigq
lotuscat.i2p,c36eiusdzg2zn42waw2xjvqixoxxc2blswasdctpbs5iot37oh5q
lr.vern.i2p,vernchoyi4qjf6sz5vi57sskoelw5lsf53u62i5uvktzpa6sxv3a
luanti.gellegery.i2p,bacejiy4ijfzkar3wdxw7mfqwa5zoxqxhvy4kcjrow5hstbt4yxa
lucke.i2p,sv7nmn255rdkbbmea42k2aeapbof2tce2bo7u3pjneexeptyvqla
lumen.i2p,lumenonhkfyvezohlepddvlzikmxgxdxzcs6nnfssh62c3e56g4a
luzifer.i2p,5cay7mcvk5nciidxd7nas7m25r5avvsuktrreqm7zc3m44zk3l6a
lx.vern.i2p,vernziqfqvweijfaacmwazohgpdo2bt2ib2jlupt2pwwu27bhgxq
lyle.i2p,lylelrerlycizex5qu5wo2jxgtmhq22vzqilputt3ekcm3swakya
m.intr.i2p,dtz2dsbkpm2j5x2unbd4nykqadaaulxxlzg6mnf5njhnhi255khq
mabufs.i2p,oaqv3xisnopjtd4n5243piyphxrpofjevltw3cafzdzkrlo4tuva
magrone.i2p,magro27xicqm5ufzcqxe6evumyaabb2iu3pqgmbnyja2st5zjgsa
maid.i2p,maidzoneeehzlhw5nqsltiuxjepfdlhuct2g4av6bbs36i5ojosq
maidzone.i2p,maidzoneeehzlhw5nqsltiuxjepfdlhuct2g4av6bbs36i5ojosq
mail.i2p,mail4okikc3tknhn2tfyqzq7mxgzltqg2tw5v5frtzkcsm45zdra
mail.vern.i2p,vernczqka6xy7ounc2t72aqgctupgnha2qfr2r4qbf3ik2tcdmjq
major.acetone.i2p,majorivqe4wud5ksadgfycdkgqsesqbbnw4hpgcqfixy4sm77f4q
major.i2p,majorwsiehucyqfqbw3g2on3xqq2pwrwdd6hhyludqqr6ct7xdoa
makoto.i2p,ky3ylbptfgbpuew2i2kktynbjxo6vskaq5fm66vsznuqzoonq4ia
marin.i2p,7j4mmfatgs7biohpvvtwv63cxvaza25uxcffa6qb5wncbn5eqt6q
mastodon.i2p,rnvkzp3mjld3mabsuxrvicsw7cax7pmne5qj7lbem6zb42shflca
mat.i2p,matcta5umrjruf3t5gzspk2fumdsftcdi3o75ka5hi6giwcrpzja
matrix.kanpai.i2p,kanpaiehzmk6l3igtj3mznvyt5stg6r6m4elklhaqlqfbxgmsida
matrix.varikvalefor.i2p,hepmlzewubrnidlbgjhgd2aaghiewps262tghwspnwchjmjz2ura
mattint-jabber.i2p,ercwkuubkdz5jgd47tivponfi4wxjqciglm36hfzjot7rrlwwmvq
maverick.i2p,maverickmiidqlmlr4dddce4jcn6xvrgpfsdz45hfp6nwuiaa3ja
mayvaneday.i2p,zli2qsg54w7y42vgw4xxlnj4nktcpg7xp33yjxkp33sjafvznbwa
mc-gt.i2p,s36j2lihyp6kex4eoub6dnr2rx63e7d2ylrorhq7cmk4ef2zv3ma
mc.r4sas.i2p,qkpmajnvhilmwxzwd53vdigk6dagz6zdqynm6knsvs3yb35gglia
mcqueen.i2p,coczbtpeg6xyjmdsvnpiufay7ve3gvedmazu2cvcdossqrav4vua
mdleom.i2p,ggucqf2jmtfxcw7us5sts3x7u2qljseocfzlhzebfpihkyvhcqfa
med0ed.i2p,4rjfdbprkzy3n75xr4lyjyid34pl7rbk5i2nnzsmykbfe5woz4ra
media.tesall.i2p,bu67x2ec3dp3ssu5um6lcswxz5fesugz66roslb73cszs6jguo7a
memes.i2p,7redh7wvwwqvz7m5agqgvqtwo6vd2ypxj5hn5ai3w4zf6e6ujy5a
mempool.solin.thetia.i2p,ega2kbe6wp6q5nqnufha23hohlhcxeqo45spwyx2hehqojqwzhba
meowstic.i2p,gijj4ombboikvqhwqtidhkuqvcdx4j7av67sejhpn35hzvtw2fra
microsoft.i2p,vyros74gy2ubpkvoga6wy5qn264kiar2gb2qxemov4p2abnzzgca
miina.i2p,zj7itsefmaxc33ijrreeh6ape2vequvk6yamlyb6pgo76clfm3va
miles.i2p,hcusgebhtim5pf6knlk4scphuhu5zdxghbjk5prmybwsqpdpko6a
milkedout.i2p,milkedrc5d76n6ri7db25w2ndzfgpp4lljayxqqcsmbvnesjxvga
mintyroxter.i2p,nbvsi6sy3a2e6tqtieycmhrdsbtqhkiq32jjrfbfdgcmwyy4w3sq
mirror.diyarciftci.i2p,iue4ubnjvskey5gop7n3odkylyjvelb5sl7z4cx6xjwdnthv2hba
mirror.stormycloud.i2p,qj7wwxu4sai4pw45fr77edyhnfdxajzrqpwfnfdfbker2cgmvtia
mirror.vern.i2p,vernxqcyexg5qsmtel4fjs7f7o6uktrqwuhqc4dde4xf2l5v55aq
mitra.darkwolf.i2p,mdwolfg6cdu2dslltqmmkusvlu675yszavshewyisxxmy62rt6ja
mittwerk.i2p,mittw36j2d2yxyrcip6gs4egvenxte4wmg3w6b3negx2nih75bqq
mmc.i2p,jvrg65hh6aekfj2tvmqpar3jqmnw7hwcu5qaxq25bdedqoqrw5da
mmgen-wallet.i2p,xi4leavi7voe336oosqzjai6s3qvc4g6uaxks72c3lqhnswngxcq
mokoich.i2p,74krhulyhiwyupofkbv6kjafs52uepmzengqe24nvw733x35mxxq
moldyboi.i2p,moldyrqg4bqclda7zf6nytv4ttb2n5ypnzpctq6h5pg2ylqdafuq
monero-node-clay.i2p,wuoiz5h33dnf72jh6is4x5mgookp7valqqjvtyw6hymtkadmckjq
monero.gellegery.i2p,khcsgo3adbmswietces5vgvvktwjwhf3lpsffjhr7on2gmaxpnfa
moneroexplorer.i2p,je4vbduigce7pgjivvo26d4abn3u5mfsos5zemp3a75xzcv7nm4q
monkemanx.i2p,mct2hu646tahpr7bmh3vxbbtitwrffhmkuyls5bynprigvav2xpq
mosfet.i2p,s5ynkgagndmpxpf2kmnenv4x72io664gzd2x3qef54ilammnte3q
motherfuckingwebsite.i2p,zhrcux2w2vkkpkufaone5utyd72qkbcg3tzc6kly3x4z7nacxhyq
mtld.i2p,mtldark6qob4wm3vkjo327vdqmhkd6mm3yjugihaaaosxfxit5oq
mtproxy.ilita.i2p,vxxfipsygx6jpz57pmb3d3mjgsk5ls2idxeo2bffs3yp62muyq7q
mtrx.vern.i2p,verndnomc4cnte4aw7yrfpse33vrw2nlwoxozxmf77zqquk6ea7q
muc.vern.i2p,verncclcdsfjlskybpwms4smkjhqj524njp7ypmmnus5xkyiv53q
mulligansecurity.i2p,mullskdlh34cp26jm3h5ozp4gzw6m5b4q2yeo3npnutu3gvwpb5a
mumble.acetone.i2p,plpu63ftpi5wdr42ew7thndoyaclrjqmcmngu2az4tahfqtfjoxa
mumble.vern.i2p,vernlt2ydc2xvpy2vbcmgxfycekwkofkciwmp7oz2y6psneanlqa
mylinx.diyarciftci.i2p,othq3ic6logewpph2nsqk2pgmzslwrtmicjuehj3mcafe66opgiq
mynymbox.i2p,gmptwbv7xfhtie4znmvtwuotffctu7betme3lrxmha3xftbhvqvq
myvibesradio.i2p,b4bimtj77oooiknfc2v2o3j3nv4vioe247bx5je6sihdhj3stcnq
nate.i2p,g5lt4bvjhtyi6evknarf6srj2od2e6rcn3ld65qqnpnb6dpz5wyq
nbtm.i2p,zbqncutifwok3i2msimlgsusivvhgvstyepjwl7idgermyfoveja
nc.vern.i2p,vernzluj2od67vbf5drxxrhzekslgxnym7zc3mxgx7tfqndgedha
nebel.i2p,fkdw3m5r46sxlzimh7tmasetawp7oi2zanszck7dqizf7bc7hebq
nekit.i2p,axis6zcqacv7le2ms5xqaerecuk3jyrijifrstvxl3or5g5n4ova
nekofiles.i2p,rutorktnoonk3t4sxmv6g5rj6mzsilfwxcplvfybemssjrva663q
nekohud.i2p,tyikq555ashztiurdqicpg5wrsdmokrmlnyo5nm2apg66fqoti6a
neodome.i2p,5hkhjehj3ct2pvcah7dcylwef2oti3xij5myxbv3pd7rocio5vkq
neondystopia.i2p,77gwul4drmvzkc3jet373spa7tcsvw2bcmqsqejgljtqm5p4yeja
neonutopia.i2p,43vd2b23mw3vvyijernlo666l5g5ipqontqdhngaoxnwlwf2kteq
neowutran.i2p,mgdq6v3f5sofafv5ev5vegtvk44yuet2pr72k4d2mjuol7nf7abq
nerdsfornerds.catsarch.i2p,j7eve6ztuhcnntsonv6xcmhgwdhlw5py6iuurbtjilluu3l7h2ia
netbsd.i2p,jjz5ajknu5rku4p6xb6i5xwjnp3nd6c3jwi2qnzbpaodyf7g2lja
netflix.i2p,vyros74gy2ubpkvoga6wy5qn264kiar2gb2qxemov4p2abnzzgca
newera.i2p,neweral2d6txn3j5yrspsu3jexd34fhz4hpypwrjn7showbnfxeq
news.neodome.i2p,trhwcnygfkeqjj6g4xhmrdp4gsjqsye47lsxshbmwbten4ywt5oq
nex.i2p,rdir7ttkd22qzrynsixhdst2jeg5wkkiqgtffcivsnbtt5yb25va
nextcloud.lumen.i2p,lumenc2op35ycbz4dc2g7ou6zbttxjav3wcecyv52cs5gwuzhawa
niceboat.i2p,niceboatwaoenplmvxpw5v2uh62xntwgvl3duaqsm6vd6lgxfizq
nihilblog.i2p,nihilvrsb7kkidol2uuj3wmjdfovhchcsiebhu256l2jxajhp7za
nitter.catsarch.i2p,va7j3ssqh7e26twc2sflrwjrn7uxryuenatcmfp7njnr5hmvtuiq
nixx.i2p,nqsq5yfmpknr4o7j54yqrve4rfe6kbv4mbdnmu5iwebmozyunciq
nnm-club.i2p,nnmclubk3kadocx6xp6seuerea4nvver33ciwlx5cnshh7tlz5va
node.xmr.incognet.i2p,kk7g55txvqmztfbgbdqy4ucqgf5qqvvhtaldfg6oz7lzhszml65q
nodelist.i2p,mhnbj7vk56raioyj4jqyolpedhbj335nx5qhrl5awq2ehugkzi4q
nojs.mastodon.i2p,mitran2fpcfrea57hfjneqfi7swtyx6pfngk5g2agjzrard3rntq
nonbin.i2p,yedwt6ghev6azprvj2tbgshejpnnhqowxfpylxa6gpzc46quhrma
nostr-dtan.i2p,47otorv5wegi27s75r7k34hbyvpfguexgmzzjwebyarorlyicx2q
nostr-not.i2p,nostrsrpr4c7lrswidgws2dzx5yrllqujdewru34jfydjjqplapq
nostr.jerryhome.i2p,5gk2pirrjbrbl2uqpnkg7j6cspmssenqwrzrc54ruxpjb6bqyebq
notbob.i2p,nytzrhrjjfsutowojvxi7hphesskpqqr65wpistz6wa7cpajhp7a
notchka.i2p,an3gxrk7co5cr2mv6qyz3qkiflyteeuisjdz646th2dsay37gg2q
nsa.i2p,nsetvbclpomqxfcit4mghn6z7vdhnza6jdzczby4crnto32uykga
nsforum.i2p,gizp3aal4rdpehmnfgvizj3mdk6cso73halxjgvhtzifjytcw32q
nt.vern.i2p,vernzdedoxuflrrxc4vbatbkpjh4k22ecgiqgimdiif62onhagva
nuclearchange.i2p,lxr7oe6puohaaxjthhnlhasb7oqpjs5iybd5a5uuzomz274fymsq
nullnyan.i2p,xkih5s3yp75pqdvwdqo3dq2vtkxg2ddnfawtdfchk6wmcthvdaoa
nullpoint.i2p,v6cwknqqe2pb63wvh4qpf36hqgao6ylpmuhyfm6ckjxkwj5gr7ka
nvspc.i2p,anlncoi2fzbsadbujidqmtji7hshfw3nrkqvbgdleepbxx3d5xra
nya.i2p,gyt5ktdyt5mrjaqzb63jro77bvc5rifq3dxtktvxrqgml6qjl6ma
nyaa2p.i2p,nyaa2p67w23hgu4nh5d7mmnpdi5om7kvzmvueo6hkfzawgi3t6wq
nyaaplus.i2p,6wbrmd4wodeewdykfw362gmlbeo26njc5zmtuxdvtomehpozzjja
nytik.i2p,nytikgg5rxiyug37icpror5wh5m6ppi7iw5yccvpvsdl5nduj2ua
obmen.i2p,vodkv54jaetjw7q2t2iethc4cbi4gjdrmw2ovfmr43mcybt7ekxa
observations.i2p,qpwaz76k6a4kei7qqpjmvouo42v4v5lj3t65w2ociekbjfewqa6a
oc.vern.i2p,vernnpcugwla7wyimbdmphdr3kxccis2dtco3qh2lgqwvt6ephsa
ochko.i2p,ochkothkzrdgg4iwmpl3fvsf7soeu4bbbs3rfb5eck5d3mr6ggxq
officespace.i2p,aoohnzgxaix22cdfs47hestm2mmesneujz7xikgzg7kb4vtj7ucq
okko.i2p,q5yepqrtlrb6fspyxie3zuufzztwa33cbfahisgaudxzpxtptvua
oldmaglib.i2p,lccsirpbsjhcjqsmtn7rtdr77cbau346c5fpxioyo5g27coq2o4a
openbsd.i2p,ahwlj76krc5do77pibighi2frqmfccpezyiqfmiernvivwomgvuq
openhw-wiki.i2p,caasq566htzwe7gvij3v7hazfasnfbon6hwemmpkqqpbzl54tywa
openmonero.i2p,sex2vkgaeigmgk5dou4pw4uegokxnc3k3vksotlmyldmual5guyq
opentracker-actix.i2p,cbrjdqygiogbtn4w5ngducnc3l3ipkt7e2muisfnuea4zek4bmhq
opentracker.bt.i2p,ev5dpxvcmshi6mil7gaon3b2wbplwylzraxs4wtz7dd5lzdsc2dq
opentracker.dg2.i2p,w7tpbzncbcocrqtwwm3nezhnnsw4ozadvi2hmvzdhrqzfxfum7wa
opentracker.fattydove.i2p,svece3bxv4vqlt2zuut5ww4ztkwunfcnab55pmnjjb6zfei3noha
opentracker.r4sas.i2p,punzipidirfqspstvzpj6gb4tkuykqp6quurj6e23bgxcxhdoe7q
opentracker.skank.i2p,by7luzwhx733fhc5ug2o75dcaunblq2ztlshzd7qvptaoa73nqua
openwebrx.i2p,kq5bgw6lrrbsgaqybjiw2n3jd6p5ylk7m6ulelmwjzfdaf2si2qa
opsecblog.i2p,blogoxeo66viwz2gcuq7ficxmhvcp2upadh6ae2c74einav42wvq
orkillme.i2p,z734ayzs5jr2pmcnwxpxebrfkaqu7snso4zx4wjefjilsbsmti4q
os3.i2p,7ugh7a46mrcnhe42k3nokjncbvwtv2fkpxlvd5c6odlfdb7puaqq
osfree.i2p,yf2xankbjprn7xs2pd67xix7idfqyxbbl2zul3dgwln2wwefqjsa
osint.i2p,khsn6xsbcilwtnbnxydst7fubiupbbeqbdm7pjajb7vkzxb7iuqa
outproxy.acetone.i2p,proxy4uwdijqxac2bvdx4fuhem6njmiwukuk2gelejv2nzxka2xq
outproxy.i2p,afyy3r5wcmrnggc2kssmaaqpiroqtq256jikd6bcui27x4nv3ufa
outproxy.play-it.i2p,outpij6zu7ugvlktfk2zplwiptab3vqb32jdpafuz4f7uwofmg5q
outproxys.i2p,proxygwdhg5z7mn326hfqqzsbnkrbzea4xrss2v7exrjx4c65uka
over100qton.i2p,4ib5wss6azh3wsdkn7f6r3sfh2jykwauoq34v4xetp3hkodqzydq
owl.i2p,xmrowl3ul32vpnvxpfrevgvi4sypxobwxde3tp2q76ndoyulc7oq
pabloshell.i2p,vu62kuvrvgqdhehibvnxc7q7nbj6hwnssyoixb5beazlueo4jrka
pache.i2p,pacheelkagq6oviwpo3h6pb55kkk5sbpl2rbkect6jegdx5siyka
paguspages.i2p,7nbhhhqnsaqggzkejyrznfu3tpbzlokoixrg6xdmsue5kdze6jxa
paltepuk.i2p,oytjumugnwsf4g72vemtamo72vfvgmp4lfsf6wmggcvba3qmcsta
panther.i2p,w7lcex5jgzinjhfzh32z7ipmwj3nyjumrd2nn2h74bfeellvzaga
papero.i2p,kaaawpm7jqvgc7pfqhlro4cf2ihuuhdorlw37axacejb4smgmybq
parky.i2p,3asah3624zolczqeucci4674ekpgtab3rsswxodhfcndcu6vfsda
password.i2p,knmjkeabbhudejkikbzhhjqsb4r77o45vkdhve6d254quttfx3wa
pastcard.i2p,dv5n7tgta2zbfozucwzfkiqrr75qvbewrqx24qdxgnccclywni5a
paste-temp.i2p,y4hx6txbrevkticwlocy5nprdvnsckajwm22ggsuq7ywecptnprq
paste.r4sas.i2p,csen43keji3qiw6uobsgzysxyjd225g6446ylq5uuz6ur2glkzaa
pastek.i2p,pastekldxxqamqtvqjysp5vicgef7swhvjx5vpaopfu4fo7coocq
pastethis.i2p,erkqiwnjl7vtysqd3wvddv6tfvnhswarqkbn4blhdlhfxn7cf2ha
patate.i2p,4fwv3hzrtkuwkowcvf2ykl72quig4piy7sizzfy4yf7wf7ck2cwa
patricianlibrary.i2p,76gfzgla5siur4wdx2m3i4vqbz2g3x5snzwk5qnxsylyaqgqpeia
pawmaws.i2p,pawmawshylh62iw7fgnhrbqzelywxkwmwmhksvurys6f2w323dba
pay2key.i2p,pay2keys7rgdzrhgzxyd7egpxc2pusdrkofmqfnwclts2rnjsrva
pb.vern.i2p,vernmeoccnhag24lturrfxjne2szacraslpbg3v4pmuv25gwb5oq
pedoboard.i2p,2nhioxxhr4hnbiussghg6n3xivxy7zqbozlfylgvo2rrqbdi6jcq
peertube.i2p,peerpzxfp7bwlg7z5gpiztoyzbhgsao33ocrbolj4hm3q2zd5y6q
petridev1.i2p,e6ld3ywmwqriqxjpkj6b5qgccjrjpntmwc27cxq3g7f4x2ugsm7q
photosarchive.bentasker.i2p,w4lnfcg2chbkwigogba7q3o5pgtq2baip7z3z4afaj65axhyc5ca
phreeroma.i2p,44fu2fhq6q36re2xqnkuievdfsroi5xchgbowkqib6ekak3ynm6q
piconero.i2p,piconeroe5j3q53rzoyfq5ew2nn5kbhpk34xeh4lbbfbbswxhy3a
pidpilne.i2p,mrkssh4b2qkrf5hl4yxrwbtuowbmjugozaa7emaybnokw5jtcydq
pinkiesplace.i2p,pinkie3nrjjahpwdxqyon72igtw2jms7tkfy53zmnszx2p2ox3bq
pipiska.i2p,yuqgnqt7o3xnna5ctkmzbfedkngsbvgmeszsnbc3stfvbbmkzuja
pixelart.i2p,pixelartga52tsts3tkvrnhexzcbyos4feqep2syhflvdmux6imq
pixelchan.i2p,pixelchxbwamuawou4h5s43ojc5olr64k7h42uhgffjnukxrrdda
pizdabol.i2p,5vik2232yfwyltuwzq7ht2yocla46q76ioacin2bfofgy63hz6wa
planet.i2p,pztcztaklof7s4me2vgtdddzesnunvk55zke6oz5e77ci3qk64yq
play-it.i2p,oxt7gdu663baue7lugdmgxqkmtrfdy2izluneqdrpv4pfslxjlta
pleroma.antebeot.i2p,raq53hlu7iivsd2cjfrae6ynxp5kjnwbkvz4owjw2sepldagtg5q
plugins.i2p,xowts5nmf5job77cqkngrwrmmud4suolt7tzqadmzhqhwew3whkq
pocketlint.i2p,pocketzsq4r4fef2bw57sn4paufjh5dw75azu5sr4hk2qwdvucsa
podger.i2p,56pcmc4rxmtzs6ojvszpiqmh47et3m6amh7kfszp4wbvz2jbpnya
pomoyka.i2p,omt56v4jxa4hurbwk44vqbbcwn3eavuynyc24c25cy7grucjh24q
pool.gostcoin.i2p,m4f4k3eeaj7otbc254ccj7d5hivguqgnohwelkibr4ddk43qhywa
pop.postman.i2p,i7vd76psp3oyocljiqkoyz7fpr4fy2xq2asclf7qih6k57aj5xrq
portal.incognet.i2p,k2hz2k3lvogqw6iyoxsr4esuplbuufb2aelbar72tb35m4bka7dq
postit.i2p,u2s72o67iw26zmwbdsty4bmkoyrvhtpaqmtsyuuvwgg4w6b2xceq
pr0paganda.i2p,id44gqmbc3vnkoal2qhnkm6oxuq4gtz5ksxpixjx4o4lifpgea6a
pravtor.i2p,2sr27o5x2v2pyqro7wl5nl6krrsbizwrzsky5y7pkohwh24gn6xq
privacyguides.i2p,fvbkmooriuqgssrjvbxu7nrwms5zyhf34r3uuppoakwwsm7ysv6q
privatebin.diyarciftci.i2p,e7mzcgu745m2b3lupfh3uk6d2uy7mwep2sy2k5wo7vqtb5gilc4a
privatebin.i2p,e7qy5kc7ivqtnrbdn5ymx5nmbdedlrjkdchqmmkhud4ockrime5a
privatebin.itcomputes.i2p,yglcuyyufxdy4z22qdpfpn4ne6evzepk26m4mpurmt3cvoq6x3aa
profile.community.i2p,profilepr7knh4pwfuuxflk6lssposcxrsxxhyz6dg7g6e3mgihq
programthink.i2p,programygfltn24q6foacm5gbuo3z2geub2k2k366llx3bph4ula
project-future.i2p,ivqynpfwxzl746gxf376lxqvgktql2lqshzwnwjk2twut6xq7xta
project26.i2p,blg4qk3jg3rvqpkyoodumlx46ddkr6lgapj4upkgrn3e2tf26bkq
proxy1488.i2p,afyy3r5wcmrnggc2kssmaaqpiroqtq256jikd6bcui27x4nv3ufa
ps.i2p,shxxkkrws2m6qowjse5jpgmu64vzupnnhxrhdzrn6fr6m7ynddbq
psa.i2p,q546lebtypkybv4q55bdojtn66nh72oa7dvmg2c3eixzywdro4ma
psv.i2p,pmzcuml2oi2ok2h5i6cepcyxxjrughzgliai6hzspdlyt2bucy7a
psy.i2p,s3elzoj3wo6v6wqu5ehd56vevpz2vrhhjc5m6mxoazicrl43y62q
pthc.i2p,sz7pz6nilondj4ubnuo4v2ffqayoxhu7tdlj2gjxzg4rvqekrdfa
publicpeer.i2p,k5zbtjx2b32nb5gbduguddsay67d73t326tv3xfmqvldnncl7y2q
purokishi.i2p,ia55kcrvskaitnxegirubvderl4vhva6bwkiducbkma4scy2rhca
putin.i2p,db7wujc7nh45omtzrsnu3lb3qheevpcoyzu2cvvedermj7bnalca
pvsur.i2p,pvsurxi2hz2n45kfrj5b3ny6ko4ipj2u2piftjen44npkpnbwh6q
qam.qwik.i2p,4mk7jpqmvxxubp7elapuoawccnvymayhfjsot3pubcjjlf4o5efq
qgato.i2p,6xq2qxxcygehuc57r5bv7zozuyijdqnssffahpgi4didhhdmkx4a
qr.vern.i2p,vernnflenvsqccuanaun7yydnmturi4jkyxlyzhn6ultpje66c3q
queer.i2p,queerae3alpq5zmcuu76y2ppdkjacofggrrkv5rf5vjpkgngfzwq
queerchan.i2p,vhyzc73olk4pc3x75yc3huxxanc6b5axky7yyy5zmpxzpntley4q
quicillith.i2p,mn7tacfcuy5zoetg6p6eklpfawar7rdj6b543y2efh6xasiat6la
qwerty.i2p,vyros74gy2ubpkvoga6wy5qn264kiar2gb2qxemov4p2abnzzgca
qwik.i2p,yblgkllzgodhwvs2fm46y5c4623honpyswwnyja2evikn26nlkma
r4sas.i2p,2gafixvoztrndawkmhfxamci5lgd3urwnilxqmlo6ittu552cndq
radicle.i2p,radiclevmn2ix5e6owvybhdvywzqawewabndgvzn3z3pdgcx7riq
radiclei2p.i2p,k65ujcuwhcj3mt45r55xluxcl7orahd5paqv6k6cc5whes2t5v4a
radio-registry.i2p,3xxluubm55q53xa7eh7wzwj2egcjqm54da2muvrospapfmvctk7a
radio.arav.i2p,plkybcgxt4cdanot75cy3pbnqlbqcsrib2fmrpsnug4bqphqvfda
radio.i2p,r4diourtsel3qv7od5mgkpojagbzegsmunaoqyuyqg3jrkdsof4q
radio.r4sas.i2p,cv72xsje5ihg6e24atitmhyk2cbml6eggi6b6fjfh2vgw62gdpla
radioliberty.i2p,libertyx5gywnmn4snrr2fborvugmthl2x5vf3rh43v3744kmpwa
radiotgfb.i2p,tgfb6wl5n4eaa5p6tdw56gqcmtevnxsjgwifrud4iffmural6z7q
rainyseasons.i2p,rainycm5mc7doaighcwcuazwhdveuji7jr33tr5u6fjxgkheithq
ransack.i2p,mqamk4cfykdvhw5kjez2gnvse56gmnqxn7vkvvbuor4k4j2lbbnq
ransei.i2p,ranseiroyycnddua4uz6focm4e7qdmsekyxmdbwhb7ggztehopxa
rc.vern.i2p,vernzzwbnjy6ro2zg5rxgo7eylkcyi6zuf4hhvsdbwvvxa3grsxq
realmagic.i2p,phjwym2g62zaltnl5fqaitxbpnradsh5cb4glumbvusqrm5atxka
realsite.i2p,ffacpzudiclaqh6fkck7ungeacfoafvijduhmwvnmp6e4jridhta
rebel-chinese.i2p,zfpftvz5sa5waslkw6s3avxb6nnumkrrejt3lkrrna2ttua4vdaq
rebel.i2p,tr6i27oqt4p7ehfn3xl57ixh5d6upylpglzrrrtwjfu5zsssaada
rebel1725.i2p,ddsvaxav54mkri7rimmkoylmqsoly3wiuoxkonkwik6ktj2oxvha
recipebook.bentasker.i2p,ajagzagm5uyc2oac32ycx42znnatejliqorbk3y66xt25guxnh2q
redlib.catsarch.i2p,yfpe4v2meqe5vusmbf7n7a4ncnstzmpiy4czolcisz4h3t7kgxna
refnos.i2p,526tpqds5jiqkh47ijctu6gtnn6xqku3rmsp4bh4yrxaadoxgnza
reg.i2p,shx5vqsw7usdaunyzr2qmes2fq37oumybpudrd4jjj4e4vk4uusa
ren.maid.i2p,maidzonaef6ge75f5735fqq4kfumirzq7yt7uw4kzspodjjdx3mq
repo.i2pd.i2p,ymzx5zgt6qzdg6nhxnecdgbqjd34ery6mpqolnbyo5kcwxadnodq
repo.r4sas.i2p,ymzx5zgt6qzdg6nhxnecdgbqjd34ery6mpqolnbyo5kcwxadnodq
ressenger.i2p,s6gn5glse2c377v5yxhim62eft57c33kr6eos54ayyg35rp4o6xq
retrogames.i2p,b27j2m7oncwonvgp62xj7vfk4yjtwl4oky67dyyooavu2wfcgpaq
revuo-xmr.i2p,qve7i3ke5h2mbbyphd7agmh5awzcwulvrvghjvhndkagdbi4mkcq
rg.vern.i2p,vernu3bfx2rvpuaccs5q27yncv6srdijkan6ixbkvyc2lsbrslxq
rimgo.catsarch.i2p,wzfvt5txnmsfsbl24qjnm2enptnlghdsrfp3z5m2msfnok4h4juq
rimgo.i2p,rimgov7l2tqyrm5txrtvhtnfyrzkc5d7ipafofavchbnnyog4r3q
rioluroom.i2p,zxu6tzpjcegsfmxld6vf5xmvtnewbogyryl4xr7vcfmueg5e3blq
riot.vern.i2p,vernltmkmwexhk77dlxmqlet3djveje7gcq7lwy3l5gkemxysy5q
risach.i2p,risachp3cwg2ft5bqrb554csczedcbztd6nzc2jldlryv5pftehq
ritsuchan.i2p,ritsuch3huwzg56jdzz7de3fy7c2amxqvgi7v7e4g4cakftwzvyq
rkn.i2p,amxoemfyvezul6riarpgcdjf2v4ferlq6id3f62upyx7gqeet4ta
robotica.i2p,cbxlkljfxllukku4gws5eduqmwdvwph7s3yp35uxr3veoigrgj7a
rock-radio.i2p,222eg5e4exnoddsmlrhhibigdn2u2gylggm75znethm4tlqbjxaa
rss.vern.i2p,vern5vicrpk2n4knr3c2qfyu5g4cjiwiulqa4txrriske7vyv3ta
ruexploit.i2p,ofn5jhpmmno4zf46mfyjlsshvlxaof3fpfsqmc7hpudgzuputaxa
rus.azathabar.i2p,6gp6ykan6ovr7p6dln56msvmdk6nrtvzoypz5dbhkkt4bdnryjna
russia.i2p,yycwiaemebdnhbw4slrxxscgmaoaxeqsxpxt3wgukhtl2ood66qq
rutor.i2p,rutorktnoonk3t4sxmv6g5rj6mzsilfwxcplvfybemssjrva663q
rutracker.i2p,dvrsu5l2gijyowx3jczyy26tk7yeosutgbqu3hpwtdmuxvmbi5aa
ryona.i2p,mzt45ux3budteuxz2b4xkwnphgspgljuwp3rxm3d2yr2sij6wopq
s-config.i2p,atlkfvuwwpgvnw24dkwyyxf5psrueozxb3i6zgebymjuquuquvqq
s01.ochko.i2p,ochkothkzrdgg4iwmpl3fvsf7soeu4bbbs3rfb5eck5d3mr6ggxq
sahil.i2p,sahil6dsuv4ridedjqrcr6vqhhoxfdyo2yd2uun4vqiiqbsxhqyq
samsung.i2p,vyros74gy2ubpkvoga6wy5qn264kiar2gb2qxemov4p2abnzzgca
sarchive.i2p,3uvie6s6kwck5jgxej7gg3eioh5pceiosqo5c5adt5ek337kjkba
sc.maid.i2p,maidzones5taqt3g2boaepkxdi6f2etznqbfebludsl4i2ydrcjq
sc.vern.i2p,vern3whzyfmjclq6snhlupma6nrmojghwp37tydfgqotj7sc6izq
scamdemia.i2p,fdkiv7o4kzaikwkw6hbn7iedidp25lv6eo7yeyeqxai3jz7mrvzq
sear2cool.i2p,6eq77bin7rnci2syy6eoyrbih3q3hi64flqzx2atgs62jhfwwxqq
search.i2p,hwxwxdlsgnp5zrentee2a4slkhvaxhn4yp2lpelznra4h7obnnnq
section9.i2p,p2523eh4xmoib643cenf2ye5uxcx36hsqvqa43nkgkmkmygkuhza
serien.i2p,3z5k3anbbk32thinvwcy4g5al7dmb75fagcm3zgh4rzrt3maphda
serval.i2p,servaloingzt6rjws5xoyboyqc4dfeevtyau3b4w2ddrx5sxeocq
servatrice.lumen.i2p,lumenmtgid2f2ot6t5dmllfacqvzciy6j6v4v6ar4wnfasgin6cq
servury.i2p,fffltslgps4ydpc5ds3kbpnvccccnngzq3634skzlt3tkeqgcooq
sex.i2p,gbelwxmbbivqpvdmed5sb4gvyakgkk5er7tz3evqdzrs45zxjcia
sh.i2p,shorter7sh2aol5lw5i6hrbs7aky2ltpgwv5nkexirkddj4lyiea
sh.vern.i2p,vernxrhodyp3ayvrx4aeqqzojfsyk33oqujdnrbyd2y6l44elolq
shadowforums.i2p,dq65yxqpp6gcyo53y53eqouijhy7ameqxkcjthkr7wpfusqppxma
shadowlerawr.i2p,w7qr5s6ypxfeacgq5fqaqrifasq7fbk66iw2ggjbg5evrvtre2ca
shadowwiki.i2p,63gxkfc4hlcbxrdoepw2i2hyxai5qkxmi636ag3y7sf5tq3imoya
shanghai.i2p,femmxdclvbh2ouun5bxos54v2vmfymn7hwfxkwhfoqdt5ta4xx6a
share.sloth.i2p,sharezsc6ezoawjonziwaqs7jfjdkdjiiddywji5jrss4zhliaiq
sharefile.i2p,o7jgnp7bubzdn7mxfqmghn3lzsjtpgkbnpjjsn6ddevqbchz3rta
shittyweb.i2p,r2k57f6twp3ms6ezgxmwgtkmbvvt3d34cvt5qz465mjsoh3zgaba
shoieq3.i2p,3fjk4nfk3mccch4hdreghnyijcvovsi3yucjz3qzj5sxngqk5j6q
short.i2p,hvmisdpsx72bpdllprgbfcek5eeuka37v6tmsg6joxdlozdkmsua
shur3d.i2p,hizpek4z2g4mfrgtv4qg6i7e55a4ayle3d3dlru7xksl3rclnzvq
sigma.i2p,vgmnqubnmoreutityb5tqbi5u63xlrf5gyjf43im5sq4a2rrdqiq
sigmaforum.i2p,dezq6avue56kj7yfmaubien3x6pwo3b5w2qullgwa77aeemvhdxa
sigmatracker.i2p,qimlze77z7w32lx2ntnwkuqslrzlsqy7774v3urueuarafyqik5a
simple.i2p,simpleienzpwdwqp3afq2gnimwfm2q26lis7my4n5bg3fgp4tnxq
simplesplash.i2p,tkbcajcdl2ivkqchdij5erc67o53mopyl6qxjpe7enpv4zc4xa4a
simplytranslate.i2p,mmiyv57bfhgc7p4pipk7jjqv5meuz5rjijoviquplvhxl3v7aoba
skank.i2p,qiii4iqrj3fwv4ucaji2oykcvsob75jviycv3ghw7dhzxg2kq53q
skylib.i2p,nsx7dncjjfuyyw6zjt5qh3vjo3fyfjwcxpvjkljlpwl2oj2i6m5q
skynet.i2p,5uoz3dbv7ac26cpqoc2ilahdgbhqzu4s7jzaxekqodf7cutzutra
slacker72.i2p,phs4oq2lw3nuizffzku4mdiaf5yqvjxljsvbl7f36az3panv6chq
slavasil.i2p,slavasir6o3yemi6oho5n7tq7fiusr5whotd6ydnfwudxxmhnl4q
sloth.i2p,slothwbteqx3m2hnkjf4icah2itukk2ispe4uabeilj2jabii63q
slothwbteqx3m2hnkjf4icah2itukk2ispe4uabeilj2jabii63q.i2p,slothwbteqx3m2hnkjf4icah2itukk2ispe4uabeilj2jabii63q
slugcat.i2p,7fb36rmikb6r2pzaqi7fae3vfscphd6kfzfodsjaty7khycedsjq
smp.weepee.i2p,wpsmpfat3bywi356wluw5gvvb7m3q6emjd75urfdoswyjqlvipaq
smtblog.i2p,aw2gcgl2tt5rgv7qzwjqmu6u7dkggh7izeyoqixm4lvaqtjytm2q
smtp.postman.i2p,3nrunsrgeo6grhx6y6vsx7vibm5vabtockdbys3sqdmj6vha7k5q
snapwonders.i2p,6ymp5jqysizmejdwaqiehcsgjoyb4s7sbgssquishk66drujomka
snippets.bentasker.i2p,vgduvgxudaceslvwlvtda6b4csobvczygcqpklm3yeuke2zgvcaa
social.maid.i2p,maidzonsgyjex2cal7afqvobsreowo54vlugoig43mppzcuwowua
socks.i2p,355jdcopct34lpun3o6cfiymcmsoto3wic4ueu63wxwqlm2bpioa
softmachine.i2p,o4yhffuls2ac2mjpexf2z3tlixsdq4lhez6sg27xdcfax4yrsd5q
soko.i2p,wqmmiax24i7yqcvtln6o646i3sqoyus6wcpmcga63dg6wlq2juxa
solin.thetia.i2p,im4gplbgfknhgjxsgpuioogh2fachanltqryxsbxvaaibwmxrofq
sonya-radio.i2p,doyrau6xuwew2xfxbhluvoy5rmy7u4ou46c5x4ozlrtyo3sdrs5q
sonya.i2p,tyt6tffdrbycsquhnk4eq67hrfl7vgwadbzmuv6tnguyaee3ei7q
sophie.i2p,xpf7k527gk5k2kopfv5ui4nsoo3qdb4awvsyviuo4mwjv6gkifwa
soprano.catsarch.i2p,eidq3irhlc235szbka6nn3odru3aovrxplhf4tggbz7ffam2jjiq
soulibre.i2p,cdvkgn4mo7u74lrvfdga7wi6jqauvofxxgc6gwrtmgotc4lz7pmq
soundcloak.neonw.i2p,sbkgbnt7lmqabmhm6j5sofk6vjmnr225ghgcd5mrl5h2n7rsprra
sourceress.i2p,v7atkq2b3v5lx7rhfkhtyknopdpm5g652mpujfvpcp7ywcur6uca
sourpit.i2p,etnyajxrormeq23egv7exncjtjqdcyzt6ntco2azz3jt5kaguhcq
sourpp.i2p,vglj64fhbk2pexfbhepu72j2btcmom2rwtp7ovyyhofz7wnhnqwq
sovereign.i2p,dvwerrw5xo3fokolid44id5c26kengiqq7iaizk2k764cu76ovta
soyuzii.i2p,dejkozx2dinq7edbv3fxh6ljg5b6opjdnqefdcba3rvcfyu2a3qa
spdcurl.i2p,rh4s3lbo4szij32beyyn2jhvgo3xghb7sfnxbvds6ew2lv53dgsa
speedypostage.i2p,4jksqeqt2lsmzjonbig5nrb3fbcuja4mhumlv3ey7lgqs666zroa
spoika.i2p,u7uyxhgikc5ifj73oz6yedpy5pvtynbqo3n7rk5qyy5h5yhz4wbq
sportloto.i2p,sportloto4cqlq6uhzzvgsgd7rcsfu6mqtk7wp6zmzqwcpflbsdq
squiffy.i2p,squiffy5fijnwlrbbhiyuy7islvmse6ddq7ctinonqm2rjdhxxda
srv.itrus.i2p,pto4uupyr4fiawtfqvvljmh6lkzjl5xg2pxdf2y6pftv36337sjq
st.vern.i2p,verntblehhel4dx6ntyxkj4mryvic3s3yptzxewzwnldq3esi4qq
stackwallet.i2p,iznb6nejvt4cxbs6k7a3p2kgmctparxlbn6ewwml23iqq2gob5ba
stats.i2p,kqypgjpjwrphnzebod5ev3ts2vtii6e5tntrg4rnfijqc7rypldq
status.incognet.i2p,il27aegxdyxd7j67ctjggvehovhcwd3a4tbigofwljkn5ornbjlq
stelladenihil.i2p,ln6wvu5jn7qxw7s6z5mthvlwwbodwd2vlswwgsvidb3x5pny74ia
stellas.i2p,geakzyydpnssrca63zkt36jxtnn4byi5b5nufffwpql4yf2hp7pq
stickman.i2p,qnbvhu6gv25jcmos6xr5ijup4a3lwgbtcdu5wmr35fljktwohttq
stormycloud.i2p,46f3kyl2cwd5tdalegvkaqjfnwbitzn5d2lq4o5kp6keoujdhlvq
straysoul.i2p,loihta5nf6edl27c6kl4mf5bikus7uhlhwe5cbhtawnktp4yzsla
streams.darkrealm.i2p,ud3gcmvysjch4lbjr2khmhqpf7r2x5if4q43xkqdptl4k7lc4muq
strec.i2p,xez3hkntwaae6iyos3poz4v3elhpmr2abkhsogulugdpu3wwdzcq
stringcat.i2p,ks7u4647wr6wagjktwebfog6bs5xl7fou65lpzcdgnm7mdpcj4bq
stupidhorses.i2p,csn24xxffu6b5twr36ofdhhm2yv6ooedf2jrck7kidwc7w4o4b6q
sublimia.i2p,sublimiatzezznhavvla4zh2wayelqywdp7tndw3spm4g6eusc3q
subvia.i2p,subviaq5qnhbip3u6xiuh3pabdckioqiwebel6iphprthpcc7iuq
succubus.i2p,imkrahqrg6uewooz6hp46ybddyqlszmhrslggerrkyikbdiqdlka
support.i2p,supportpwqa4cc7q43hb67tgd3dvntrwsy6725iufahm7kiluysq
support.torproject.i2p,6r7j6jlbrxb35k32zktopvr3w3pidm2baymwol33hq7xmy2sqm3a
symlinx.i2p,rxb75k2pd7s5hiho4vy3ics4bbcbxz2blzqccm7jvgsz5fzh3zlq
syn.i2p,hdghzg6kvjnpp73fvak42aay4tedixmftvgehw3al2vnlovtd7ta
synchan.i2p,synchanm2ef6vu7puh5udohnf7zh27mfieywqpnwwscl5pygjoka
syncthing-scout.i2p,ccwe4p7izlyqakf5heote536tsjvadbwys5e5pmpl4w6vxdnxd7a
syndie-project.i2p,xa63tpfoaqt3zru2ehxjjfbpadwj4ha6qsdvtcqtyr3b7hmt4iaq
syndie.echelon.i2p,vwrl2qmcif722fdkn3ldxcgz76df5cq4qypbndzthxwgmykyewta
syndie.killyourtv.i2p,5et2skgswtpwfnw2ta6w2tmcsspgz6umaifqplmw5jbpd5mr53oa
synergy.i2p,synergyrnvd7fxa4n6wc6jxz7rlpccnorg4wn3mlseykfyxv46na
synth.i2p,synth62gzitvb2utcksarkacmlpnlfi62m6ehpniqysjyuwc6flq
sysrq.i2p,2utfaqw6lm6vax7xwhyj53u3uzmtdvmhvoc6druy5e3ue2by4ayq
t-ru.i2p,bkhuehxydyprxpd4372h4boyluardjogyuff5p5l3u7syguavz5a
tahoeserve.i2p,yhs7tsjeznxdenmdho5gjmk755wtredfzipb5t272oi5otipfkoa
takipsizad.i2p,ufkhvmacngokfufxinfkdvfmbpvwvog5vrjiavw5zv32jnekcxia
tama-chan.i2p,aaaolbtui73bch4eb33lbczdbdnhqz3dadaknzvc6bivfxnsjvxa
tamamo-cross.i2p,aaaolbtui73bch4eb33lbczdbdnhqz3dadaknzvc6bivfxnsjvxa
td.vern.i2p,verncco2oaxjikammz4pi7umzp673cme6zuemx7yeeewspwrw3va
telegram.i2p,i6jow7hymogz2s42xq62gqgej2zdm4xtnmpc6vjcwktdxpdoupja
telekanaldeep.i2p,7suows4hpjxhys7rllrkmjmsvbfpzithv2y5oxuf5mijd4ivzpaa
terminus.i2p,7ahtbmeelrtji6zurtb7eize5xldy4hwrcsiluupnpiq7wdkqcvq
tesall.i2p,c5gukvc77ibvpqkflwmqi5dorevzptgi7cwr4fqbkbx7y5zvgonq
thetia.i2p,ejzpzupf4mns65aoricgjpb4et4witewfj3h2titx4zco6io3o3q
thornworld.i2p,vinz4ygmodxarocntyjlfwk2wjpvzndlf4hxss2w2t3fk52oplva
thricegreat.i2p,ecawp7rwcor5seqnpdtx45o3vrsxpeiuhri7ppqa2w6eh7qxjepa
ticker.i2p,hxfduqbrfr2nc4yn4kmffecmib25rs3fbrkwcss75qvuqbk4vfzq
tl.maid.i2p,maidzon7k7kcj3llzzho4v4gsvjuzud56iphmalpck3pkj6jps5a
tl.vern.i2p,verna7avzgd4qqal7k2onjzwxcceqby2gwvya2a2frdswb7z2k4q
tn.maid.i2p,maidzong64yczoqm5wlg2hiodip6ktpldcfdvoxanqaxmonyim4q
torproject.i2p,torprojaxvxevo4c5qvor3ywgasxkubs5ukazrpq3qcxed6lgbrq
tracker.gellegery.i2p,bvdwskacx5pnldseo6gw7ccuadvsbma5hzoth4athvpsm3jxhdra
tracker.nyaa2p.i2p,4olv65sj4ifeak26wqiifr3q2vjv5d44x733ncqhtd7cmjwoinpa
tracker2.postman.i2p,6a4kxkg5wp33p25qqhgwl6sj4yh4xuf5b3p3qldwgclebchm3eea
trans.i2p,e56dm7b3wgo2yc2jswrojtkenz2zchekkck2rhzauysespvxg6hq
translate.i2p,2db77uyqbrsnikwdthtoyrhai53oqw3x4gmakefu33zshm35pzpa
treasurechest.i2p,oi45tmbel5syg4uet4t2fg6ipfu22ewfb4dfgpeckarn3qtv3pwq
tspu.i2p,amxoemfyvezul6riarpgcdjf2v4ferlq6id3f62upyx7gqeet4ta
tspuchan.i2p,amxoemfyvezul6riarpgcdjf2v4ferlq6id3f62upyx7gqeet4ta
tumbach.i2p,u6pciacxnpbsq7nwc3tgutywochfd6aysgayijr7jxzoysgxklvq
tunnelwizard.acetone.i2p,tun7gldhhpy75fzqafhgku34kkwnplxw6v7dit6iwpnvwce2gweq
tutorials.i2p,zy37tq6ynucp3ufoyeegswqjaeofmj57cpm5ecd7nbanh2h6f2ja
tuvimen.i2p,u2l6y27dcdkpft5qkyetypihp4otsjcaoodfr6fjkelinm2c2mma
tv.i2p,znccrkhtgz4wqceyofwsqdsraqhdtteqzrag53lgmp6rhkutuy6q
twitter.i2p,4e7e2njhp3hnwvarxrjntbjcww3pfc6xftf7rrnmiskfsnm3z4zq
uanet.i2p,hc3fycfadz7fkapp62fqi6llioe46fvis6wuswfobl5ghc2u7snq
uhden.i2p,cp7wkyweud5cuqqhuugyzzpym5izbhwj3mch77nqk4hylc5fftpq
ukraina.i2p,ft2jxu2pvjahumxzzs5jn3k47uieeu45fxoqz2umfc7i3md3jnda
ukraine.i2p,mkdmo46pddpluvq7ikwu5g2bmsyzoegjkajwnaiuyft3e2pfxgtq
ulmo.i2p,ulmozog477fyqoycvdrqz7qq5wjzmplsuwbzlu3gmusivdjxrn5q
unbanned.i2p,y2flucdtxumy2nzvutmwxcjh2coapsst4ytbgmo37rm233i77s2a
uncensored.i2p,b3eoqeyanwo4q65rx35icigxkx7bdrr3lfm4dkebb56smnn735qa
underscore.i2p,yjfiqehw6seve5ijhlez43422dy6dvfncwm6qzvyugsvkuxvfjxa
unfunny.catsarch.i2p,jwrpyhndjmyndm6k4ukfpejj2r5zformr3jj4bcma3vllqim4iqq
unseen-site.i2p,4s6wexw5sx3tn33xqc34fkqnevrrjfjr7tjsduugkovqddxxgemq
untitlednovel.i2p,edmvtwn32td45sjgbw4phsvmm35bhdn67izixhzf3af3hwnp2n6a
update.skank.i2p,nro2cwb7tm25hqwdagmd7lypc7dytj26hys4tdtpssvucut5fozq
upload.cheburechestvo.i2p,ofuk7di45glhry6bjbbypetrupgeli6gsfd2jxdx3i5lwkl4zmga
uu.i2p,tbr3tqqepp5u5mni2jebmfx2axqbv54gx4zykg2hilpq7svc23bq
vapaanet.i2p,vapaanetthl5lqwffraevstjq6h3ihekmhvcqyu4x74c437x24da
varchive.i2p,we6bjsq3d7kt54iyfazndosadnw4hk2oin42dtt23uiuomlth6tq
varikvalefor.i2p,yn7ovvjf4nhf7hhk6qqph7utcoce4f2j325rfeuyapw3emlqfqna
vern.i2p,verncceu2kgz54wi7r5jatgmx2mqtsh3knxhiy4m5shescuqtqfa
vinyl-player.i2p,vinylij6t6ocx27b2fqdrev6tcpjhd3ujlenqhycgxcm2ccm4twa
vinyl.i2p,vinylij6t6ocx27b2fqdrev6tcpjhd3ujlenqhycgxcm2ccm4twa
virustotal.uu.i2p,n2ftvkfrav4qrdzjcusy3tu7j47fti52hw5m7uknutskwftsxstq
visualindex.i2p,visual6duk6odz766s3ue64orzywyarlqpzdnbznfucam7mepnba
void.i2p,4e7e2njhp3hnwvarxrjntbjcww3pfc6xftf7rrnmiskfsnm3z4zq
vpngate.i2p,4r2oucjjrgj2m6pok7yrmt4lmtf4kxix2a72cq4btzmfqxi7553a
vx-staging.neonw.i2p,eizu43jd6f3uksz477nez4l2h7v3atfiqowyot7v6ivxghv2e2ya
vx.maid.i2p,maidzoneoes7jtcridydescxwadf3cjzd6j5qll6bfs3wbkm2upq
vx.neonw.i2p,pgk3uwr2sui7qob6aso2b5i7ubmdyf6btk2kjmyr754nh2yggdaq
vyxie.i2p,vyxie6dwg6ns4qtg52rurkeni4jeky2jkl5t4zh4wdl24qsj2dlq
wabichan.i2p,watgjuacwyicvuvjz5m4txz2qrfj33nubxevfw4deptfbeu3o2uq
walker.i2p,5vik2232yfwyltuwzq7ht2yocla46q76ioacin2bfofgy63hz6wa
wall.i2p,c3xtt7izde6uh4ajqxg4rfjyypqyaip5yqmqfm4nf2dzj5324pda
warped.i2p,m5gdbspmll7eryujcszek5dn2zx6rxalfivamuinhyhgtapdp7ca
web.telegram.i2p,re6cgwg2yrkgaixlqvt5ufajbb3w42fsldlq7k5brpvnd5gp6x5a
weblolies.i2p,qrox7hth5ggyvdkukyhpiu6u6hqcmbxif5jinmduyluw3wq3rljq
website.i2p,u74oixqy3nxcdap4krfphch6lflea27vqns3k6wjdlqar6jq7sda
weepee.i2p,weepeeukgiyttpo4v5cytmbguo6idhhk75zzyz25pkm4cg3t3wia
wefuckkidsandplaymmos.i2p,qfnjo5lwfs2h6whwvkzmxgw263dybohwhjifeuuahobifbamkaaa
werwolf.i2p,sunxlehazjuy7fyarm7oytsd4yg7pub3nbgspfvkawonylxycljq
whitecontrolchat.i2p,22d4iq6boiafqnzlugm4y2s7hafa7wbitr2p6cy6wjjdiaamy5fq
whoam.i2p,whoami67rtsd25yvdm7lq5a3fkftllr35aj2lq6mxnlfcnpt6lta
whoer.i2p,whoerctzbg7vcynbyfsgvadpda2ahwppsh2r3r24vi4pz5r3pooa
whois.stormycloud.i2p,fzpaq7c4fm6q4wgw6cao7goyksd2nlxfaa52h32zvcwfdzysuhwa
whoogle.vern.i2p,verneks7rfjptpz5fpii7n7nrxilsidi2qxepeuuf66c3tsf4nhq
wiki.hutor.i2p,vouttzj22msx7lcpgybfhbqoignrawsgo2sg7g7ml5kyuugbbkza
wiki.i2p,w5b5belfmxdauf6ofvqt3jaiecyzvmsj7luhrztrqsywacsrr5sq
wiki.i2p-projekt.i2p,b2rpg7xtzwwfvtorfkrc3m7h222qbobnklra7g4oqhfjx64k2voa
wiki.ilita.i2p,r233yskmowqe4od4he4b37wydr5fqzvj3z77v5fdei2etp2kg34a
wiki.vern.i2p,vernknid6kpyzaghegtnypzxe2nx643zrfc4jivh2tlna5m5jvcq
wikiless.i2p,x33lx4h6d7h6xs4eiqwhvaxn3ea5gn2ifmu3jobnvuvn4k4aej7a
wir-in-nepal.i2p,ec5dgerk4bnbc4df7h7v353vk2xeroeoibxn777cvoxljd2pwfnq
wizardcasa.i2p,f2jt7wfkyau3elazq7komfqiyydq7zvwjixsalsr5uy5pltc5dqa
wl.vern.i2p,vernesciy2defjsputrjrv6pa5ll6qzrckfffi5lgkumstdojyga
wlm.i2p,nigg3rveztrkpzoimq4z46pvbtml27mfhadt7n5bvl3pzzyzefxa
wlmn.i2p,blm664y6wdszb6r2wwezsazge2iiug5cerrbcq5rygiq3pk4o77a
world.i2p,gkrzu55v7yefg4prbimydtg5zprvhwsxtb4d6mtlkd3vcrxokvna
wrenlian.i2p,wrenzo7sjodi2kfmpfcnzfyohlltthpvrizlwjsjztz5jp44tgfq
wtf.i2p,wtfcfet2zl6yxqxhtb7rrfr32ddbn4kdvxnam4z23fsgomt2b5kq
www.bocheng.i2p,ns7dj3szsvtx5o6zpybfkmhkofsdkwlr4xknxhhunvotppdc26sa
www.gellegery.i2p,5myvj7xfzkjk55gqnr5quidrgpdcuscqisrsx6hudmnxa2nx6anq
www.syndie.i2p,vojgy5ep4wffmtpjmpnbpa4gq64bgn4yicuw6qmhbm6nqa2ysrva
xbox.i2p,kdhyb3uvoz2mrl5hwjt65bz2lfterbnlfe72c6r4u4rrbwr3xqhq
xeha.i2p,oartgetziabrdemxctowp7bbeggc7ktmj7tr4qgk5y5jcz4prbtq
xeres.i2p,f7vdjudujlxlvn6xru2tdllvzyejavmb27r7ytatjszrumpxlt4a
xexnderxmxanx.i2p,v2bcd7nnu76ln3knnbt35z7i45pfclty34lxc4eiskwkjpbx6wcq
xftp.weepee.i2p,wpftpx23glu7obej5h6lrng2ghnntqbxfb6gix7or2gdi7kk4kxq
xmpp.gomunkul.i2p,3ctbzrmot2m4lssv456xpyydijhhccdvx4ktffkj2bwuwv5tn3la
xmpp.i2p-tech.i2p,d5547x5f225dpo72pkli3xyma2pqbad3zw433vcvwfcz6kj4fvoa
xmpp.intr.i2p,xtll3krlo35plvyogzlyntjybnmdk42dsrgfcjzo4ftb3cjits2a
xmpp.jerryhome.i2p,vaku44efbz4ee2fhf4rmeasukwwhs4sz62wzsfphprwopggihtta
xmpp.vern.i2p,vernd6f2dxbwfwp4fbkrdz75k2h2wyudmvwrqkrgkawjjrm72z3a
xmppchat.i2p,xe7kpnpmpqw6ihh66sqw3ispxo76c3i6xx5zw4npiji4hrlddcqq
xmr-node.i2p,xmrnode46p6z6wahemniu5jcsjcbkwax5oihmzutvzya5y2izu3a
xmr.cs.i2p,s2lacpngexspx3euphwmzmubmkfjy73wgjlhzpbxj6f55ulgls5q
xmr.i2p,xmridentac65oy6r4moqz5anraflgbebgxbliit7pzvyrdppkawa
xmr.incognet.i2p,e53elbe5u3p4mins5zlek6ck7jtlgmsz5iiov7wv3odijjgv4cwa
xmr.kisu.i2p,xczukg5xvat7ffkawni2nb2frigepqsib3zmnpv2sjfw5derr65q
xmr.stormycloud.i2p,5dmhmmaff5mqkgmz4haq5w2wrgobhelrat7lvbt27okojkzbx6hq
xmrftw.i2p,us4alygarbczjwnfwahjzhsxyp6x3id7kdw2vwzistma5kpireta
xmrid.i2p,xmridentac65oy6r4moqz5anraflgbebgxbliit7pzvyrdppkawa
xmrnode.i2p,moneroti7lckp4hjrqckoq5cfi2apuyxia42sp5x7tkbzjfwqfiq
xn--80ahmijpip2p.i2p,assist2a3jsikp7ufmzpa56mlflhi5kmoack5dm6ua5x2hbgckua
xn--fr8ha.i2p,skullrbdxnh6vkmmpsi6kgegwj5tk5a2cwbcgv3paockcppvy6wq
xn--oi8h.i2p,applerk6xf6imtvdt5yphfwp3rgwwudorufe3r6fufmtww2y7h4q
yeti.i2p,yeruidgyazzj6ug5fixb32ti4j6mwcxsispbu2aaymkhnnpvcupa
yggdrasil.acetone.i2p,tlfhgwzn4v5nlm2or5uy4leqmjbl5bncgcopbqnmcr4hbk3zrvqq
yourdomain.i2p,witqoik7gjzywta5nss5m6dvialeciismabksrukcvpfdpe6aqha
youtube.i2p,youtube5vvcogudgygsxwj7ofoeinftaznnrks3gft6tzgl3t6wa
yt-music-download.i2p,tg6vxwwh772urrcea65p7kyucbwfxuqqqaqkbua3rb3ekkll7wsq
zabor.i2p,efu2bmcuud4wlvltfvn6uch632er6pdwcc62fj5jkrx5ls2wt2fq
zeronet.i2p,fe6pk5sibhkr64veqxkfochdfptehyxrrbs3edwjs5ckjbjn4bna
zeta.i2p,zetaioimgosxh26wpy6henmv23lifekswxtn6zy54nudg7thhnia
znc.vern.i2p,vernd722rkd3v2o5ppu3aphmfhdthmillq5patn4fa7qvk5ngiaq
zonun.i2p,ef44ne4goa43j56xi4didcjjrn5krflgsod2h6zd45b5rwwjw4qa
zui.i2p,tpmwpw2xy2gdbizlcen36z3cy4lmegeeepve2uroyz4b7zki6tnq
zzz.i2p,lhbd7ojcaiofbfku7ixh47qj537g572zmhdc4oilvugzxdpdghua
zzzmirror.i2p,pr3t6cjlcth36djl3qgnfaollcvcs2kbzigzon6derjzjghttp4q
